id,auteur,titre,date,editeur,genre,info_supplementaires,image_url,created_at,updated_at,priorite
7fac140e-e3e8-48a4-a79a-7d742b153a54,Amy HARMON,Un tourbillon de sable et de cendre.,septembre 2022,Charleston,Romans contemporains,null,https://web.archive.org/web/20250324094956im_/http://laurentburytraducteur.com/wp-content/uploads/2022/09/81GKufvfqXL-189x300.jpg,2025-11-08 21:29:26.499002+00,2025-11-09 14:52:50.429505+00,null
d178efc2-4eed-429d-9406-fe33aa78bc1c,Amanda COETZEE,Le Sang d’un autre,février 2012,Toucan,"Romans policiers, thrillers",null,https://static.fnac-static.com/multimedia/Images/FR/NR/11/14/35/3478545/1540-1/tsp20221213062701/Le-sang-d-un-autre.jpg,2025-11-08 21:29:26.499002+00,2025-11-10 17:55:04.753237+00,null
52cf1fbc-a852-4c6a-96b3-019b82f6aee8,Charles DICKENS,David Copperfield,mai 2001,Le Livre de Poche,Classiques de la littérature anglophone,Révision de la traduction,https://m.media-amazon.com/images/I/81LMxB8u8VL._SY522_.jpg,2025-11-10 18:55:40.589933+00,2025-11-10 18:55:40.589933+00,null
c3b64b32-7e0d-45e0-91f9-81a52f8a2120,Adair TURNER,"Reprendre le contrôle de la dette. Pour une réforme radicale de la monnaie, du crédit et des banques",avril 2017,L’Atelier,Economie,null,https://web.archive.org/web/20250324100202im_/http://laurentburytraducteur.com/wp-content/uploads/2016/12/710-yDinDZL-206x300.jpg,2025-11-08 21:29:26.499002+00,2025-11-08 21:29:26.499002+00,null
5bb0c5a7-3f92-4b15-8f5d-26a185d56705,null,Arcimboldo,2007,Skira,"Beaux-arts, musique",Traduction de textes du catalogue,https://images-na.ssl-images-amazon.com/images/I/51XH0ShkAvL._SX210_.jpg,2025-11-08 21:29:26.499002+00,2025-11-09 21:01:08.78564+00,null
e7c15c1a-108c-460c-aeff-e60a5b9ac12b,André ACIMAN,Faux papiers,février 2002,Autrement,Romans contemporains,null,https://images-na.ssl-images-amazon.com/images/I/41R75JM2YGL._SX195_.jpg,2025-11-08 21:29:26.499002+00,2025-11-10 18:58:47.093539+00,null
41443024-598a-4d9e-ac00-2ca0c9a7d6c8,Ahmed RASHID,L’Ombre des taliban,octobre 2001,Autrement,Monde contemporain,"; nouvelle édition actualisée, mai 2022",https://web.archive.org/web/20250324100202im_/http://laurentburytraducteur.com/wp-content/uploads/2016/12/71Qx1VtDw4L-193x300.jpg,2025-11-08 21:29:26.499002+00,2025-11-08 21:29:26.499002+00,null
b6ab504c-9c6d-408d-b25b-dc68a1237145,Alasdair McINTYRE,Après la vertu,janvier 1997,Presses Universitaires de France,Philosophie,null,https://web.archive.org/web/20250324100202im_/http://laurentburytraducteur.com/wp-content/uploads/2016/12/51VZmFM42L-197x300.jpg,2025-11-08 21:29:26.499002+00,2025-11-08 21:29:26.499002+00,null
8771435a-87e3-4c43-9d1c-67404d786cff,Ahmed RASHID,"Asie centrale, champs de guerre",mars 2002,Autrement,Monde contemporain,null,https://products-images.di-static.com/image/ahmed-rashid-asie-centrale-champ-de-guerres/9782746701991-475x500-1.webp,2025-11-08 21:29:26.499002+00,2025-11-11 07:06:10.936376+00,null
218be865-34a1-4313-8f99-a44ebd91a5e6,Anna FIFIELD,Le Grand Successeur,mars 2026,Les Arènes,Monde contemporain,null,https://static.fnac-static.com/multimedia/PE/Images/FR/NR/5e/fc/29/19528798/1540-1/tsp20260122084123/Le-Grand-succeeur.jpg,2025-11-09 16:30:47.332294+00,2026-01-25 15:49:51.532957+00,3
9e34b7e7-f6aa-47eb-bc53-070338250198,Amy CHUA,Le Monde en feu. Violences sociales et mondialisation,septembre 2007,Seuil,Economie,null,https://m.media-amazon.com/images/I/51ypiqn4vNL._SY466_.jpg,2025-11-08 21:29:26.499002+00,2025-11-10 09:18:59.655882+00,null
d3bd390d-b1a5-4ed0-9b91-f88cd15f9a48,Amy HARMON,La Fille qui prenait les armes,octobre 2023,Charleston,Romans contemporains,null,https://m.media-amazon.com/images/I/81ActNRrN9L._SY466_.jpg,2025-11-08 21:29:26.499002+00,2025-11-09 17:39:08.454273+00,null
7cec2bb6-5c9c-4957-ba0f-c8e69e2c6493,null,La Collection Phillips. Un regard moderne,2005,Skira,"Beaux-arts, musique",Traduction de notices,https://m.media-amazon.com/images/I/81xwaR6Ad1L._SY425_.jpg,2025-11-08 21:29:26.499002+00,2025-11-09 21:00:47.629801+00,null
32f3a79f-c643-461e-b402-209eeebf6d5f,Amy HARMON,Ce que murmure le vent,septembre 2021,Charleston,Romans contemporains,(publié en avril 2021 par France Loisirs),https://web.archive.org/web/20250324100202im_/http://laurentburytraducteur.com/wp-content/uploads/2021/07/412Qk9I4wpS-189x300.jpg,2025-11-08 21:29:26.499002+00,2025-11-09 22:04:04.195912+00,null
74daf609-d59c-40b0-84b0-7a69a97cf7a0,Andrew MacGAHAN,Australia Underground,octobre 2008,Actes Sud,"Romans policiers, thrillers",null,https://actes-sud.fr/sites/default/files/couvertures/9782742777914.jpg,2025-11-08 21:29:26.499002+00,2025-11-10 06:28:10.954717+00,null
3a252997-6ce7-4aa7-9297-d07282b881c5,Lauren KELLY (Joyce Carol OATES),Cœur volé,octobre 2006,Albin Michel,Romans contemporains,null,https://web.archive.org/web/20250324100202im_/http://laurentburytraducteur.com/wp-content/uploads/2016/12/41GDWPY55SL-188x300.jpg,2025-11-08 21:29:26.499002+00,2025-11-10 06:34:29.738141+00,null
da289abd-e60e-48e6-8d39-d58615b88a81,Yung PUEBLO,L'art d'aimer (vraiment),mars 2026,Leduc,Développement personnel,null,https://m.media-amazon.com/images/I/71n6zWd7fsL._SL1500_.jpg,2025-12-20 08:59:37.458936+00,2026-01-26 07:59:02.065539+00,2
91e0cf1c-aa23-492e-b76a-c0b1182e55fa,Pema CHÖDRÖN,Faire de la vulnérabilité une force,octobre 2020,Plon,Développement personnel,null,https://m.media-amazon.com/images/I/6167z2GLW9L._SY522_.jpg,2025-11-08 21:29:26.499002+00,2025-11-10 08:13:09.028574+00,null
aab13915-8631-41cc-9ab0-f1a4ec808575,Angus DEATON,"La Grande Evasion : santé, richese et origine des inégalités",août 2016,Presses Universitaires de France,Economie,null,https://m.media-amazon.com/images/I/41B+QQFcFWL._SY445_SX342_ML2_.jpg,2025-11-08 21:29:26.499002+00,2025-11-10 08:15:05.585103+00,null
06f8067a-d597-4a8f-8ca5-d50d4c02c7d5,Alan ELLENIUS,"Iconographie, propagande et légitimation. Genèse de l’État moderne",mars 2001,Presses Universitaires de France,Philosophie,null,https://static.fnac-static.com/multimedia/Images/FR/NR/35/74/0d/881717/1540-1/tsp20220415082109/Iconographie-propagande-et-legitimation.jpg,2025-11-08 21:29:26.499002+00,2025-11-10 08:21:01.74759+00,null
90e6bc88-c921-49fa-b4d3-d0187686212c,Slavoj ZIZEK,"Mes blagues, ma philosophie",mai 2014,Presses Universitaires de France,Philosophie,null,https://static.fnac-static.com/multimedia/Images/FR/NR/33/1b/59/5839667/1540-0/tsp20191031071000/Mes-blagues-ma-philosophie.jpg,2025-11-08 21:29:26.499002+00,2025-11-10 08:22:48.467963+00,null
a9aafc66-836a-489a-9869-e75dfb069283,Abram de SWAAN,Sous l’aile protectrice de l’État,mars 1995,Presses Universitaires de France,Philosophie,null,https://m.media-amazon.com/images/I/41M-lePf8eL._SY466_.jpg,2025-11-08 21:29:26.499002+00,2025-11-10 09:24:49.845438+00,null
10646b02-d025-4309-9d0c-40cb68c58811,Angela LEVIN,"Harry, conversations avec le prince",mai 2018,Plon,Monde contemporain,null,https://static1.purepeople.com/articles/2/34/61/42/@/4949876--harry-conversations-avec-le-prince-d-580x0-2.jpg,2025-11-08 21:29:26.499002+00,2025-11-10 09:27:01.242049+00,null
ce58991d-8173-4f6d-a305-8c7df6ea5861,Alane FERGUSON,Le Tueur à la médaille,octobre 2008,Toucan,"Romans policiers, thrillers",null,https://web.archive.org/web/20250324100202im_/http://laurentburytraducteur.com/wp-content/uploads/2016/12/51aseyWt8EL-201x300.jpg,2025-11-08 21:29:26.499002+00,2025-11-10 14:46:21.388132+00,null
21d3d0ac-c7a3-4d42-82b1-957f9a0c895c,Charlotte Brontë,Shirley,septembre 2022,Gallimard,Classiques de la littérature anglophone,"Introduction générale ; notice pour ""Shirley""",https://m.media-amazon.com/images/I/61yQUMleXxL._SL1500_.jpg,2025-11-08 21:29:26.499002+00,2025-11-10 15:17:12.894777+00,null
bb34f890-5220-4cfe-9b86-41c32a4702d4,Adam ZAMOYSKI,"1812, la campagne tragique de Napoléon en Russie",septembre 2014,Piranha,Histoire,null,https://m.media-amazon.com/images/I/61BnunaNWgL._SY466_.jpg,2025-11-08 21:29:26.499002+00,2025-11-10 16:29:43.733296+00,null
4fde7af3-a878-452c-8bd1-73095d292ad0,Anne Brontë,Agnes Grey,janvier 2021,RBA France,Classiques de la littérature anglophone,Révision de la traduction,https://web.archive.org/web/20250324100202im_/http://laurentburytraducteur.com/wp-content/uploads/2021/01/1_f-198x300.jpg,2025-11-08 21:29:26.499002+00,2026-02-07 06:54:39.482983+00,null
698daf5e-c8b2-4bd1-8968-b6eb82a2577f,Liza MINNELLI,Le Cabaret de ma vie,mars 2026,Fayard,"Beaux-arts, musique",Révision de la traduction,https://m.media-amazon.com/images/I/710IHdya+cL._SY466_.jpg,2026-02-11 07:28:09.672379+00,2026-02-15 20:09:41.050519+00,null
a7e47fbb-dea9-45a7-8619-35bba0b81829,Anthony TROLLOPE,La Ferme d’Orley,février 2023,Piranha,Classiques de la littérature anglophone,null,https://web.archive.org/web/20250516202848im_/http://laurentburytraducteur.com/wp-content/uploads/2022/07/Atroll-191x300.jpeg,2025-11-08 21:29:26.499002+00,2025-11-08 21:29:26.499002+00,null
3a5d0228-d62c-4e4c-8cba-897b63d4bc9d,Lisa REGAN,Un couple et leurs secrets,octobre 2026,Bookouture,"Romans policiers, thrillers",null,https://m.media-amazon.com/images/I/81uULhydUwL._SY466_.jpg,2025-12-20 09:01:55.3443+00,2026-02-11 06:19:43.540109+00,null
633feee6-46df-4843-9f8d-28d45fc7803b,Anthony TROLLOPE,Miss Mackenzie,novembre 2008,Autrement,Classiques de la littérature anglophone,null,https://web.archive.org/web/20250324100202im_/http://laurentburytraducteur.com/wp-content/uploads/2016/12/51Pdg3rdm-L-196x300.jpg,2025-11-08 21:29:26.499002+00,2025-11-08 21:29:26.499002+00,null
3e19f9f2-0763-47a4-b95d-3e3450259a52,Arthur C. DANTO,Andy Warhol,avril 2011,Les Belles-Lettres,"Beaux-arts, musique",null,https://web.archive.org/web/20250324100202im_/http://laurentburytraducteur.com/wp-content/uploads/2016/12/41GlRA3As0L-197x300.jpg,2025-11-08 21:29:26.499002+00,2025-11-08 21:29:26.499002+00,null
06e33877-133f-40a3-ae79-0e01c999c0bf,David WILLS...,Marilyn Monroe : Le livre officiel du centenaire,mai 2026,Hugo,"Beaux-arts, musique",null,https://static.fnac-static.com/multimedia/PE/Images/FR/NR/f6/5d/2d/19750390/1540-1/tsp20260109125452/Marilyn-Monroe-Le-livre-officiel-du-centenaire.jpg,2025-11-09 16:32:19.614952+00,2026-01-26 07:46:43.911682+00,null
a337d866-30e2-4cb2-86f0-bf5cff7a74e0,Matt HAIG,Le Train de minuit,mai 2026,Nami,Romans contemporains,null,https://cdn1.booknode.com/book_cover/5882/full/le-train-de-minuit-5882138.jpg,2025-11-10 19:15:12.459032+00,2026-02-25 14:16:49.999894+00,null
2b2285fd-0de0-4f27-ad7e-5c76d8187eb3,Betty CANNON,Sartre et la psychanalyse,novembre 1993,Presses Universitaires de France,Philosophie,null,https://web.archive.org/web/20250324100202im_/http://laurentburytraducteur.com/wp-content/uploads/2016/12/4129i8Rw-HL-200x300.jpg,2025-11-08 21:29:26.499002+00,2025-11-08 21:29:26.499002+00,null
96652b24-b107-4bea-b1f8-04d10127f486,Brian FAGAN,La Grande Histoire de ce que nous devons aux animaux,février 2017,Vuibert,Histoire,null,https://web.archive.org/web/20250324100202im_/http://laurentburytraducteur.com/wp-content/uploads/2016/12/81hQd-XEqNL-202x300.jpg,2025-11-08 21:29:26.499002+00,2025-11-08 21:29:26.499002+00,null
914f580c-e7e2-4086-b051-8e59f8facdc0,Zygmunt BAUMAN,La Modernité liquide,null,"Université Paris Cité ",Philosophie,null,https://pictures.abebooks.com/isbn/9780745624105-fr.jpg,2026-02-23 09:07:03.548566+00,2026-02-24 10:35:23.085254+00,null
8a10a118-2763-4b1c-9038-8fe772d2a7cb,Todd ROBINSON,Une affaires d’hommes,mars 2017,Gallmeister,"Romans policiers, thrillers",null,https://m.media-amazon.com/images/I/412uO2DeAEL._SY445_SX342_QL70_ML2_.jpg,2025-11-08 21:29:26.758886+00,2025-11-09 16:01:55.32522+00,null
687c3ede-66fa-4733-86b6-1c932c5fce54,Caitlin SCHNEIDERHAN,Braquage à la florentine,janvier 2025,De Saxus,Romans contemporains,null,https://static.fnac-static.com/multimedia/PE/Images/FR/NR/c2/3a/18/18365122/1540-1/tsp20250708082223/Medici-Heist-Tome-01-Braquage-a-la-florentine-broche.jpg,2025-11-08 21:29:26.499002+00,2025-11-09 16:14:10.098527+00,null
b3f89945-794e-44c3-93ea-a3a27b02b412,Charan RANGANATH,Les Pouvoirs cachés des souvenirs.,avril 2025,Leduc,Développement personnel,null,https://www.editionsleduc.com/system/product_pictures/data/010/002/663/large/9791028533670.webp?1741208486,2025-11-08 21:29:26.499002+00,2025-11-09 16:26:42.801607+00,null
19257f42-1982-448e-a3e6-e4b9a2a11b5b,Anthony TROLLOPE,La Petite Maison d’Allington,mai 2024,Piranha,Classiques de la littérature anglophone,null,https://m.media-amazon.com/images/I/61DmhhFPW4L._SY466_.jpg,2025-11-08 21:29:26.499002+00,2025-11-09 17:23:52.76772+00,null
0574c98b-6678-4fcc-b8ef-93962754b042,Chris BAIL,"Le Prisme des réseaux sociaux, Polarisation politique sur Internet",avril 2023,Presses Universitaires de France,Sociologie,null,https://m.media-amazon.com/images/I/81E7v-lBiBL._SY466_.jpg,2025-11-08 21:29:26.499002+00,2025-11-09 17:40:27.703777+00,null
40db2b57-5f5d-4525-87fe-f1e05b6ddfcb,Charles DICKENS,Oliver Twist,mars 2021,Belin éducation,Classiques de la littérature anglophone,null,https://m.media-amazon.com/images/I/41uBX1d4fCL._SY445_SX342_ML2_.jpg,2025-11-08 21:29:26.499002+00,2025-11-09 17:45:09.492707+00,null
92cc4047-3c7c-4f58-9a68-9321d687d093,Charles DICKENS,David Copperfield,mars 2022,Belin éducation,Classiques de la littérature anglophone,null,https://m.media-amazon.com/images/I/61sRDuKrjfL._SY425_.jpg,2025-11-08 21:29:26.499002+00,2025-11-09 17:46:02.110369+00,null
22c914ef-bd57-4979-ac28-62486dce721e,Ben PASTOR,Lune trompeuse,février 2011,Actes Sud,"Romans policiers, thrillers",null,https://actes-sud.fr/sites/default/files/couvertures/9782742794782.jpg,2025-11-08 21:29:26.499002+00,2025-11-10 06:27:12.333124+00,null
b9216e36-00ff-414a-a41b-488c87ed5614,Ben PASTOR,Lumen,juin 2009,Actes Sud,"Romans policiers, thrillers",null,https://actes-sud.fr/sites/default/files/couvertures/9782742783809.jpg,2025-11-08 21:29:26.499002+00,2025-11-10 06:27:35.559715+00,null
55fa6eba-9765-46d7-a523-8035e82d80cd,Arthur SCHLESINGER,Avec Jackie Kennedy,septembre 2011,Flammarion,Histoire,null,https://m.media-amazon.com/images/I/611Vf98M45L._SY466_.jpg,2025-11-08 21:29:26.499002+00,2025-11-10 06:42:21.86967+00,null
505be026-0155-40e2-9205-bbde9131a0f0,Brittany KAISER,"L’Affaire Cambridge Analytica, les dessous d’un scandale planétaire.",janvier 2020,HarperCollins,Monde contemporain,null,https://m.media-amazon.com/images/I/71Yt+vcLZ0L._SY466_.jpg,2025-11-08 21:29:26.499002+00,2025-11-10 06:46:27.995903+00,null
98b5f7a2-b1d8-4d93-b795-ff26eb01fe03,Barbra STREISAND,My Name Is Barbra : Mémoires,mai 2024,Hugo,"Beaux-arts, musique",null,https://m.media-amazon.com/images/I/714nmcRx4NL._SY342_.jpg,2025-11-08 21:29:26.499002+00,2025-11-10 08:06:47.331832+00,null
cec9b2c5-15a1-45c4-829d-fffef4d38926,Anne CASE et Angus DEATON,Morts de désespoir. L’avenir du capitalisme.,février 2021,Presses Universitaires de France,Economie,null,https://web.archive.org/web/20250324094956im_/http://laurentburytraducteur.com/wp-content/uploads/2021/01/41PY93sR1L-211x300.jpg,2025-11-08 21:29:26.499002+00,2025-11-10 08:14:17.695156+00,null
a379e6a9-06b7-4dc9-8afe-714db408cde7,Carlo Maria CIPOLLA,"Le Poivre, le vin (et la laine) comme facteurs dynamiques du développement économique",février 2013,Presses Universitaires de France,Philosophie,null,https://www.puf.com/sites/puf/files/styles/large/public/pim_images/13060700.jpg?itok=yyycIq_d,2025-11-08 21:29:26.499002+00,2025-11-10 08:19:30.438551+00,null
a712aa80-ec7e-49d1-9d3e-67a9a6687d01,Chris MOONEY,L’Enfant à la luge,mai 2005,Seuil,"Romans policiers, thrillers",null,https://products-images.di-static.com/image/chris-mooney-l-enfant-a-la-luge/9782020638593-475x500-1.webp,2025-11-08 21:29:26.499002+00,2025-11-10 09:18:20.702562+00,null
456d0cca-4a61-44b3-920a-2f350982c919,Carlo Maria CIPOLLA,Les Lois fondamentales de la stupidité humaine,avril 2012,Presses Universitaires de France,Philosophie,"Edition illustrée par Claude Ponti, 2014",https://m.media-amazon.com/images/I/61ioD3P1G2L._SY466_.jpg,2025-11-08 21:29:26.499002+00,2025-11-10 09:23:34.284373+00,null
855ef55c-135e-4fa5-9ada-09ee9a62d361,Anthony TROLLOPE,Rachel Ray,mai 2011,Autrement,Classiques de la littérature anglophone,Révision de la traduction,https://images.epagine.fr/202/9782746715202_1_75.jpg,2025-11-08 21:29:26.499002+00,2025-11-10 14:37:06.741061+00,null
0e476a5e-314d-41d2-a502-2e2abc54a006,Arthur CONAN DOYLE,Visite sur les trois fronts,janvier 2014,Les Belles-Lettres,Histoire,null,https://biblia.lesbelleslettres.com/data/cache/Product/front_cover_picture/big/d/f/2475.1646777463.jpg,2025-11-08 21:29:26.499002+00,2025-11-10 16:20:36.775504+00,1
3f42ac2b-b306-4bc5-a105-d0c2f63823ff,Dianne FEINSTEIN,La CIA et la torture,février 2015,Les Arènes,Monde contemporain,null,https://m.media-amazon.com/images/I/614QvtwX87L._SY466_.jpg,2025-11-08 21:29:26.499002+00,2025-11-10 17:44:30.563842+00,null
5d8004c1-451c-426b-95bf-6cb49e575595,Cornelia READ,Champs d’ombres,juin 2007,Actes Sud,"Romans policiers, thrillers",null,https://web.archive.org/web/20250324100202im_/http://laurentburytraducteur.com/wp-content/uploads/2016/12/411pk27DnoL-194x300.jpg,2025-11-08 21:29:26.499002+00,2025-11-08 21:29:26.499002+00,null
b29014c8-4509-4643-b705-480f2761405a,D.K. HOOD,Pas un souffle.,juin 2025,Bookouture,"Romans policiers, thrillers",null,https://m.media-amazon.com/images/I/811Ov4rsZPL._SY466_.jpg,2025-11-08 21:29:26.499002+00,2025-11-09 16:22:47.637961+00,null
78af9d1e-4267-4e8a-9d5e-5583910a9fdf,Daniel WALLACE,Le Roi de la pastèque,mars 2005,Autrement,Romans contemporains,null,https://images-na.ssl-images-amazon.com/images/I/4146Z9QNMAL._SX195_.jpg,2025-11-08 21:29:26.499002+00,2025-11-10 18:11:53.422888+00,null
ad5646d2-d222-42f0-b5bf-8154f2c769f7,Daniel WALLACE,Ô Grand Rosenfeld,septembre 2006,Autrement,Romans contemporains,null,https://static.fnac-static.com/multimedia/FR/Images_Produits/FR/fnac.com/Visual_Principal_340/4/2/6/9782746708624/tsp20121012173613/O-grand-Rosenfeld-.jpg,2025-11-08 21:29:26.499002+00,2025-11-10 18:20:15.86924+00,null
996f7d70-620f-4b63-b174-5940937705c8,D. HANSON,Les Guerres grecques,décembre 1999,Autrement,Histoire,null,https://m.media-amazon.com/images/I/91K6u-sVjsL._SY385_.jpg,2025-11-08 21:29:26.499002+00,2025-11-10 19:01:10.52357+00,null
0d9f09e1-39d4-4432-8c4f-449e00db643f,Daniel DEFOE,Moll Flanders,mai 2021,RBA France,Classiques de la littérature anglophone,null,https://web.archive.org/web/20250324100202im_/http://laurentburytraducteur.com/wp-content/uploads/2021/04/Moll-201x300.png,2025-11-08 21:29:26.499002+00,2025-11-08 21:29:26.499002+00,null
842defca-7ffd-4c03-be84-919e41d3d410,Daniel WALLACE,Big Fish,février 2004,Autrement,Romans contemporains,null,https://static.fnac-static.com/multimedia/PE/Images/FR/NR/33/cc/16/1494067/1540-1/tsp20250605090945/Big-Fish.jpg,2025-11-08 21:29:26.499002+00,2025-11-10 19:02:09.001118+00,null
531e33c8-19e2-4bae-a477-4ab415b58746,Daniel J. MAHONEY,Le libéralisme de Raymond Aron,février 1998,De Fallois,Philosophie,null,https://web.archive.org/web/20250324100202im_/http://laurentburytraducteur.com/wp-content/uploads/2016/12/71p-KMWNzQL-204x300.jpg,2025-11-08 21:29:26.499002+00,2025-11-08 21:29:26.499002+00,null
aac1ae51-d3f4-4a11-8735-55e688be3230,D.H. LAWRENCE,"Femmes amoureuses ; La poupée du capitaine ; La coccinelle ",octobre 2024,Gallimard,Classiques de la littérature anglophone,null,https://m.media-amazon.com/images/I/71105M2QsFL._SY466_.jpg,2025-11-08 21:29:26.499002+00,2025-11-09 17:18:22.581894+00,null
5cc36038-3b4a-43da-b703-032b693d6963,David GUTERSON,Le Pacte,octobre 2009,Feuille Bleue,Romans contemporains,null,https://web.archive.org/web/20250324100202im_/http://laurentburytraducteur.com/wp-content/uploads/2016/12/51D2gNh-IKL-194x300.jpg,2025-11-08 21:29:26.499002+00,2025-11-08 21:29:26.499002+00,null
62794ebf-0104-4cbb-b4b7-4ee01fe0c62f,Dorothy GALLAGHER,Un drôle d’héritage,octobre 2003,Autrement,Romans contemporains,null,https://images-na.ssl-images-amazon.com/images/I/51Z045P9ADL._SX195_.jpg,2025-11-08 21:29:26.499002+00,2025-11-10 19:08:40.981481+00,null
dfdc9662-4f3d-41d3-8c8a-1a107b7a31ed,Marcus Kliewer,The Caretaker,septembre 2026,Charleston,"Romans policiers, thrillers",null,https://d28hgpri8am2if.cloudfront.net/book_images/onix/cvr9781982198817/untitled-mk-9781982198817_lg.jpg,2025-11-10 19:16:33.455302+00,2025-11-10 19:16:33.455302+00,null
7ac27529-c3eb-453d-92af-0fe7ee71b1fa,Edith SIZOO,Responsabilité et cultures du monde. Dialogue autour d’un défi collectif,mai 2008,Charles Leopold Mayer,Philosophie,null,https://web.archive.org/web/20250324100202im_/http://laurentburytraducteur.com/wp-content/uploads/2016/12/41lNRbTe9hL._SX316_BO1204203200_-191x300.jpg,2025-11-08 21:29:26.499002+00,2025-11-08 21:29:26.499002+00,null
0df44f89-8cce-42f9-aef8-5398c8efdf66,Eric JAGER,Le Dernier Duel,février 2010,Flammarion,Histoire,null,https://m.media-amazon.com/images/I/71I64bdrV5L._SY466_.jpg,2025-11-08 21:29:26.499002+00,2025-11-11 07:13:45.034163+00,null
0964b0d8-bce6-475c-9937-b2d63d59b526,Edith EGER,La Ballerine d’Auschwitz,janvier 2026,Charleston,Romans contemporains,null,https://m.media-amazon.com/images/I/71eFedYwN8L._SY466_.jpg,2025-11-08 21:29:26.499002+00,2025-12-20 09:25:14.983511+00,null
a904b2d5-4bb9-4742-80b4-0164b97bec7e,Deborah HARKNESS,L’Oracle de l’oiseau noir,octobre 2024,Charleston,Fantasy,null,https://m.media-amazon.com/images/I/51rO3iPJxWL._SY445_SX342_QL70_ML2_.jpg,2025-11-08 21:29:26.499002+00,2025-11-09 17:30:25.617382+00,null
86f0a386-a388-4a27-9335-1432277357fe,David HARVEY,Chroniques anti-capitalistes,octobre 2023,Zulma,Economie,null,https://m.media-amazon.com/images/I/71n0+G5s-2L._SY466_.jpg,2025-11-08 21:29:26.499002+00,2025-11-09 17:37:04.313315+00,null
a9211f70-9948-44a5-ba85-30c5270352b5,Daniel DEFOE,Robinson Crusoé,mars 2023,Belin éducation,Classiques de la littérature anglophone,null,https://web.archive.org/web/20250516202848im_/http://laurentburytraducteur.com/wp-content/uploads/2022/11/Robin-2-2-227x300.png,2025-11-08 21:29:26.499002+00,2025-11-09 17:44:16.502652+00,null
5b04eeed-2690-48e2-aeec-280ae738621b,David FARRIER,"Empreintes, à la recherche des fossiles du futur",mars 2021,Plon,Philosophie,null,https://m.media-amazon.com/images/I/91CIRfGoL6L._SY522_.jpg,2025-11-08 21:29:26.499002+00,2025-11-09 17:57:05.824098+00,null
96a14dbd-905b-4706-aab4-25ee321fa14f,Evelyn JUERS,Chemins d’exil,septembre 2011,Autrement,Biographies et études littéraires,null,https://m.media-amazon.com/images/I/61T2HmDRpgL._SY466_.jpg,2025-11-08 21:29:26.499002+00,2025-11-09 21:05:16.857101+00,null
2f8d65fb-4dc3-490e-9292-5656da0c767d,Cornelia READ,L’Enfant invisible,mai 2011,Actes Sud,"Romans policiers, thrillers",null,https://actes-sud.fr/sites/default/files/couvertures/9782742797646.jpg,2025-11-08 21:29:26.499002+00,2025-11-10 06:25:46.047862+00,null
e7602b79-a7d2-4f21-a249-b7819d9633a3,Cornelia READ,L’Ecole des dingues,septembre 2009,Actes Sud,"Romans policiers, thrillers",null,https://actes-sud.fr/sites/default/files/couvertures/9782742786480.jpg,2025-11-08 21:29:26.499002+00,2025-11-10 06:26:22.023191+00,null
b4be2b2d-79a9-45ea-80cd-cbc2cab91661,Eric PUCHNER,La Musique des autres,septembre 2008,Albin Michel,Romans contemporains,null,https://static.fnac-static.com/multimedia/FR/Images_Produits/FR/fnac.com/Visual_Principal_340/5/9/5/9782226188595/tsp20120921155302/La-musique-des-autres.jpg,2025-11-08 21:29:26.499002+00,2025-11-10 06:34:11.671613+00,null
01cc077e-468d-4157-978b-e65cbbd6f996,Christian GOLLIER,Finance responsable pour une société meilleure,novembre 2019,Presses Universitaires de France,Economie,null,https://www.puf.com/sites/puf/files/styles/large/public/pim_images/13081803.jpg?itok=Wnlb7p0S,2025-11-08 21:29:26.499002+00,2025-11-10 08:15:27.259144+00,null
fa724f70-b2cf-482d-b74a-b46ff345735d,Daniel TAMMETT,"L’Eternité dans une heure, la poésie des nombres",janvier 2013,Les Arènes,Divers,null,https://images2.medimops.eu/product/90e358/M02352042259-220px.webp,2025-11-08 21:29:26.499002+00,2025-11-10 14:49:19.744278+00,null
a32c34ef-e1d0-4e2e-9be6-a012250453fb,Kamala HARRIS,107 jours,avril 2026,Hors Cadre,Monde contemporain,null,https://m.media-amazon.com/images/I/614kmfB0ScL._SY466_.jpg,2025-11-09 16:35:27.601124+00,2025-11-10 15:14:32.022135+00,null
cd3ac03b-fb61-4496-9bff-1c6ed70e42eb,David WALTNER-TOEWS,"Merde… Ce que les excréments nous apprennent sur l’écologie, l’évolution et le développement durable",février 2015,Piranha,Divers,null,https://images-na.ssl-images-amazon.com/images/I/41gJChHg88L._SX195_.jpg,2025-11-08 21:29:26.499002+00,2025-11-10 16:23:42.008322+00,null
0f8fa33a-2c1d-4bcb-b3d2-914e002d5693,Georgia HUNTER,Alors que le monde s’éteint.,juin 2025,Charleston,Romans contemporains,null,https://m.media-amazon.com/images/I/71eFOfhmtkL._SY466_.jpg,2025-11-08 21:29:26.609441+00,2025-11-09 16:10:54.492714+00,null
85d29041-1b0b-48a9-a3fb-1abbf4e6355e,George ELIOT,Le Moulin sur la Floss,septembre 2021,RBA France,Classiques de la littérature anglophone,révision de la traduction,https://img.livraddict.com/covers/451/451395//couv40244755.jpg,2025-11-08 21:29:26.609441+00,2025-11-09 17:59:54.325604+00,null
069b9b8e-4277-4ec0-9fc3-0810ba743938,Garrett HARDIN,La Tragédie des communs,avril 2018,Presses Universitaires de France,Economie,null,https://www.puf.com/sites/puf/files/styles/large/public/pim_images/13073654.jpg?itok=mtDtDx-J,2025-11-08 21:29:26.609441+00,2025-11-10 17:47:56.966949+00,null
50c7e442-6d6b-45a1-b2a9-0a6976414831,Fareed ZAKARIA,Retour vers le futur. 10 leçons pour l’avenir,janvier 2021,Saint-Simon,Monde contemporain,null,https://static.fnac-static.com/multimedia/Images/FR/NR/05/da/c2/12769797/1540-1/tsp20210203181149/Retour-vers-le-futur.jpg,2025-11-08 21:29:26.499002+00,2025-11-09 18:00:54.544832+00,null
d1f3b78a-4291-48ce-859d-3d1ec46f9bc5,Frank Lloyd WRIGHT,L’Estampe japonaise,octobre 2012,Klincksieck,"Beaux-arts, musique",null,https://servimg.eyrolles.com/static/media/8666/9782252038666_internet_w290.jpg,2025-11-08 21:29:26.609441+00,2025-11-08 21:29:26.609441+00,null
66e52cc5-0c97-4136-9c4d-e723b6fa92eb,Heather MARSHALL,Le Réseau Jane,mars 2023,Charleston,Romans contemporains,null,https://static.fnac-static.com/multimedia/PE/Images/FR/NR/09/d6/e3/14931465/1540-1/tsp20231219073504/Le-Reseau-Jane.jpg,2025-11-08 21:29:26.609441+00,2025-11-09 17:41:35.486894+00,null
4051b78a-0d32-4203-9dbd-d3f9433ac769,Frances HODGSON BURNETT,Le Jardin secret.,mars 2024,Belin éducation,Classiques de la littérature anglophone,null,https://static.fnac-static.com/multimedia/PE/Images/FR/NR/1a/6f/0f/17788698/1540-1/tsp20250327083138/Le-Jardin-secret.jpg,2025-11-08 21:29:26.499002+00,2025-11-09 17:47:20.692159+00,null
c6f7f119-f632-4416-b55b-74e4b3b3f197,Hermione LEE,Virginia Woolf ou l’aventure intérieure,janvier 2000,Autrement,Biographies et études littéraires,null,https://images-na.ssl-images-amazon.com/images/I/41T2F7E5HSL._SX195_.jpg,2025-11-08 21:29:26.609441+00,2025-11-09 21:03:04.222836+00,null
0ee67ff6-f553-4bc0-b373-bf73074d0d1d,Gloria ORIGGI,Dictionnaire des passions sociales,avril 2019,Presses Universitaires de France,Philosophie,null,https://web.archive.org/web/20250516202848im_/http://laurentburytraducteur.com/wp-content/uploads/2019/04/71-47-66qZL-207x300.jpg,2025-11-08 21:29:26.609441+00,2025-11-08 21:29:26.609441+00,null
fa54d9df-a9a0-496d-b35f-62290fb620a7,Greg CAMPBELL,Diamants de sang,janvier 2013,Les Belles-Lettres,Monde contemporain,null,https://web.archive.org/web/20250324100202im_/http://laurentburytraducteur.com/wp-content/uploads/2016/12/51jn4nroKbL-193x300.jpg,2025-11-08 21:29:26.609441+00,2025-11-08 21:29:26.609441+00,null
049d93a5-8b1f-4836-b44d-f3dedc277386,Gretel EHRLICH,"Ce paradis de glace, avec les Inuits du Groenland",mai 2004,Albin Michel,Sociologie,null,https://web.archive.org/web/20250324100202im_/http://laurentburytraducteur.com/wp-content/uploads/2016/12/510861MWB2L-193x300.jpg,2025-11-08 21:29:26.609441+00,2025-11-08 21:29:26.609441+00,null
9102a843-ce9e-445e-bf60-d0b802670538,Halgrimur HELGASON,Contes de Grim,novembre 2005,Actes Sud,"Beaux-arts, musique",null,https://static.fnac-static.com/multimedia/Images/FR/NR/99/9f/1a/1744793/1540-1/tsp20191117070612/Contes-de-grim-les.jpg,2025-11-08 21:29:26.609441+00,2025-11-08 21:29:26.609441+00,null
696a5835-ec29-41a0-abd8-286c17bc2abe,Henry F. SKERRITT,Nyilyari Tjapangati : Vivre le Rêve,mars 2015,Arts d’Australie – Stéphane Jacob,"Beaux-arts, musique",null,https://web.archive.org/web/20250324100202im_/http://laurentburytraducteur.com/wp-content/uploads/2016/12/71k4kmb3NRL-242x300.jpg,2025-11-08 21:29:26.609441+00,2025-11-08 21:29:26.609441+00,null
b3df63a4-dbb3-44f8-8a6f-531a3b4061b9,Henry JAMES,D’un continent l’autre,septembre 2007,La Quinzaine Littéraire,Classiques de la littérature anglophone,null,https://web.archive.org/web/20250324100202im_/http://laurentburytraducteur.com/wp-content/uploads/2016/12/51MXifT9qYL-210x300.jpg,2025-11-08 21:29:26.609441+00,2025-11-08 21:29:26.609441+00,null
42265e64-6953-455b-8374-7a4e5251ee9a,Ian McGUIRE,Dans les eaux du grand nord,mai 2017,10/18,Romans contemporains,null,https://web.archive.org/web/20250516202848im_/http://laurentburytraducteur.com/wp-content/uploads/2016/12/51hKCRRsrOL-200x300.jpg,2025-11-08 21:29:26.609441+00,2025-11-08 21:29:26.609441+00,null
84ae68ee-6985-40d7-9d1a-4a29f096c167,Fiona CAPP,Ce sentiment océanique ; Mon retour au surf,mai 2005,Actes Sud,Romans contemporains,null,https://actes-sud.fr/sites/default/files/couvertures/9782742755264.jpg,2025-11-08 21:29:26.499002+00,2025-11-10 06:24:34.833373+00,null
fa170931-d3c7-4e50-be60-f4d343bb174c,Isabel FONSECA,"Enterrez-moi debout, l’odyssée des tziganes",février 2003,Albin Michel,Sociologie,null,https://web.archive.org/web/20250324100202im_/http://laurentburytraducteur.com/wp-content/uploads/2016/12/51Y1M60SB7L-191x300.jpg,2025-11-08 21:29:26.609441+00,2025-11-08 21:29:26.609441+00,null
94d3320a-b3f4-47a7-b1d9-61dcebb25508,Fernanda EBERSTADT,Le Chant des gitans,octobre 2007,Albin Michel,Sociologie,null,https://static.fnac-static.com/multimedia/Images/FR/NR/57/60/1e/1990743/1540-1/tsp20230222071930/Le-Chant-des-gitans.jpg,2025-11-08 21:29:26.499002+00,2025-11-10 06:32:36.032283+00,null
5ef3935b-d21a-4cdf-bfa6-3b8a3a40991d,James RISEN,Etat de guerre,mars 2006,Albin Michel,Monde contemporain,null,https://web.archive.org/web/20250516202848im_/http://laurentburytraducteur.com/wp-content/uploads/2016/12/51X2YBTTHZL-197x300.jpg,2025-11-08 21:29:26.609441+00,2025-11-08 21:29:26.609441+00,null
d4b59d75-0854-470e-a9c4-b94fa896f0e7,Jan DALLEY,"Un fascisme anglais, Diana et Oswald Mosley",février 2001,Autrement,Histoire,null,https://m.media-amazon.com/images/I/71j6Ko1jj3L._SY466_.jpg,2025-11-08 21:29:26.609441+00,2025-11-11 07:02:37.455185+00,null
532e2111-bbb5-42ec-adfc-cfd02a627ff1,Filip REYNTJENS,"Rwanda, gouverner après le génocide",juin 2014,Les Belles-Lettres,Monde contemporain,null,https://biblia.lesbelleslettres.com/data/cache/Product/front_cover_picture/big/3/9/2254.1647892788.jpg,2025-11-08 21:29:26.499002+00,2025-11-10 16:16:53.230595+00,null
8072740e-dc63-4dd6-b59f-3ef42ce39260,James LEVINE,Bingo’s Run,mars 2015,Piranha,Romans contemporains,null,https://www.babelio.com/couv/CVT_CVT_Bingos-run_5742.jpg,2025-11-08 21:29:26.609441+00,2025-11-10 16:25:09.887037+00,null
eac4e1e6-9110-4760-94ed-99f9c3dff0fa,Brian Holden REID,"L’Âge industriel. Guerre de Crimée, guerre de Sécession, unité allemande",juillet 2001,Autrement,Histoire,null,https://m.media-amazon.com/images/I/81Cu8PsQnPL._SY425_.jpg,2025-11-08 21:29:26.609441+00,2025-11-11 07:07:36.287537+00,null
dc5cd09b-2993-41b9-b0a5-9b3dac91d89e,D.K. HOOD,Pas un bruit,décembre 2024,Bookouture,"Romans policiers, thrillers",null,https://m.media-amazon.com/images/I/81iIUMJjkzL._SY425_.jpg,2025-11-09 21:56:23.314054+00,2025-11-11 08:27:52.097584+00,null
877d3062-6827-42db-ac26-4106a181e7f4,Jane AUSTEN,Northanger Abbey,octobre 2020,RBA France,Classiques de la littérature anglophone,Révision de la traduction de Félix Fénéon,https://i.ebayimg.com/images/g/cToAAOSwtcJl6Gb4/s-l960.webp,2025-11-08 21:29:26.609441+00,2026-02-07 06:52:59.026595+00,null
4dc20ece-4d04-44d8-8f07-aa5a6e413bd2,Helen PHIFER,La Fille du tueur,mars 2026,Bookouture,"Romans policiers, thrillers",null,https://m.media-amazon.com/images/I/81DzwT+NX8L._SL1500_.jpg,2025-11-11 08:17:09.709696+00,2026-01-17 07:08:23.31464+00,1
4b3cb094-5287-4a72-b6a5-a8d822db9659,Jonathan DRORI,Ce que nous disent les arbres du monde,mai 2019,Hoëbeke,Divers,null,https://static.fnac-static.com/multimedia/PE/Images/FR/NR/04/70/a7/10973188/1540-1/tsp20241212092203/Ce-que-nous-disent-les-arbres-du-monde.jpg,2025-11-08 21:29:26.609441+00,2025-11-10 17:41:09.14861+00,null
58b41181-018b-42d0-9476-dd6c7c9427bf,Jean-Louis BIGET,"Albi, the Cathedral of Saint Cecilia",2007,Odyssée,"Beaux-arts, musique",null,https://m.media-amazon.com/images/I/912gtALsU-L._SY342_.jpg,2025-11-08 21:29:26.609441+00,2025-11-09 20:58:51.34818+00,null
c328fdb0-51ac-4f60-8449-82bea3f01a1d,Jason BURKE,Al-Qaida. La véritable histoire de l’islam radical,mars 2005,La Découverte,Monde contemporain,null,https://m.media-amazon.com/images/I/61eBXxeBm8L._SY466_.jpg,2025-11-08 21:29:26.609441+00,2025-11-10 17:42:56.522401+00,null
447bf8b3-99a2-421c-821c-1c65da935379,Jerry TONER,Libérez le Romain qui est en vous,mars 2017,Presses Universitaires de France,Histoire,null,https://static.fnac-static.com/multimedia/Images/FR/NR/d0/fa/81/8518352/1540-0/tsp20191031071651/Liberez-le-Romain-qui-est-en-vous-par-Marcus-Sidonius-Falx.jpg,2025-11-08 21:29:26.609441+00,2025-11-10 17:49:16.476021+00,null
e68156b1-718a-44d2-b98c-91bbf4a4a76b,John G. NEIHARDT,Face à l’arbre sacré ; mémoires d’un Indien sioux,octobre 2005,Albin Michel,Sociologie,null,https://servimg.eyrolles.com/static/media/8191/9782226168191_internet_w290.jpg,2025-11-08 21:29:26.609441+00,2025-11-10 06:33:21.108541+00,null
c9918baf-b404-499f-a5cc-98ddd662ba96,Jerry TONER,L’Art de gouverner ses esclaves,mars 2015,Presses Universitaires de France,Histoire,null,https://static.fnac-static.com/multimedia/Images/FR/NR/bc/3d/63/6503868/1540-0/tsp20191031070749/L-art-de-gouverner-ses-esclaves-par-Marcus-Sidonius-Falx.jpg,2025-11-08 21:29:26.609441+00,2025-11-10 17:50:09.704142+00,null
e16d8e50-83bb-4b77-94d7-8d4d0ee3d1f1,Jim DOWNS,Les Origines troubles de l’épidémiologie. Comment le colonialisme a transformé la médecine,septembre 2022,Autrement,Histoire,null,https://web.archive.org/web/20250324100202im_/http://laurentburytraducteur.com/wp-content/uploads/2022/08/9782080283795_medium-193x300.jpg,2025-11-08 21:29:26.609441+00,2025-11-08 21:29:26.609441+00,null
f0c81c58-9c81-4941-836f-29b027cdcf5f,Jane AUSTEN,Orgueil et préjugés,novembre 2009,Garnier-Flammarion,Classiques de la littérature anglophone,août 2010 en GF (présentation et notes),https://web.archive.org/web/20250324100202im_/http://laurentburytraducteur.com/wp-content/uploads/2016/12/51ZVvlp812L-176x300.jpg,2025-11-08 21:29:26.609441+00,2025-11-10 06:38:58.365697+00,null
239856d6-71c5-4020-9f67-83079acba499,Jo TUCKMAN,Mexique : la démocratie interrompue,octobre 2014,Les Belles-Lettres,Monde contemporain,null,https://images.leslibraires.ca/books/9782251110042/front/9782251110042_large.jpg,2025-11-08 21:29:26.609441+00,2025-11-10 08:09:07.222371+00,null
b037953a-4187-4b51-ba23-e5e003de11ef,John LOCKE,Que faire des pauvres ?,mai 2013,Presses Universitaires de France,Philosophie,null,https://www.puf.com/sites/puf/files/styles/large/public/pim_images/13062148.jpg?itok=4kuxHMPU,2025-11-08 21:29:26.609441+00,2025-11-10 08:18:25.495961+00,null
43bb55f1-48ba-46c9-951a-f367e972bb12,Johan NORBERG,"Non, ce n’était pas mieux avant, 10 bonnes raisons d’avoir confiance en l’avenir",mai 2017,Plon,Divers,null,https://m.media-amazon.com/images/I/71p-pYuBR-L._SY466_.jpg,2025-11-08 21:29:26.609441+00,2025-11-10 09:26:00.077854+00,null
bffcbbfd-7fdf-435f-ab91-b59cb9b9db6d,Jennifer TSIEN,"Le Mauvais Goût des autres, le jugement littéraire dans la France du XVIIIe siècle",août 2017,Hermann,Biographies et études littéraires,null,https://web.archive.org/web/20250324100202im_/http://laurentburytraducteur.com/wp-content/uploads/2016/12/91inpnWJRJL-212x300.jpg,2025-11-08 21:29:26.609441+00,2025-11-10 14:30:19.453521+00,null
d53fe4e9-2b40-4cc4-968c-42948213470b,John K. COOLEY,"CIA et Jihad, 1951-2001",février 2002,Autrement,Monde contemporain,null,https://web.archive.org/web/20250324100202im_/http://laurentburytraducteur.com/wp-content/uploads/2016/12/71Wb53Pu5oL-195x300.jpg,2025-11-08 21:29:26.609441+00,2025-11-08 21:29:26.609441+00,null
8f9b3c06-179d-42cc-aeaa-e3443e6cc501,John NICHOLS,Le Vice au pouvoir. La biographie de Dick Cheney,février 2005,Saint-Simon,Monde contemporain,null,https://web.archive.org/web/20250324100202im_/http://laurentburytraducteur.com/wp-content/uploads/2016/12/514DAZAPVRL-194x300.jpg,2025-11-08 21:29:26.609441+00,2025-11-08 21:29:26.609441+00,null
6b29763b-4198-42d2-871e-a7e6712d1563,Jonathan EIG,"Mohamed Ali, une vie",novembre 2018,Marabout,Divers,null,https://web.archive.org/web/20250324100202im_/http://laurentburytraducteur.com/wp-content/uploads/2016/12/41kxfGcl82L._SY346_-196x300.jpg,2025-11-08 21:29:26.609441+00,2025-11-08 21:29:26.609441+00,null
3af29c1f-45b6-4592-bfd3-5d97b0374b70,Jill LIDDINGTON et Jill NORRIS,Histoire des suffragistes radicales : le combat oublié des ouvrières du nord de l’Angleterre,mars 2018,Libertalia,Histoire,null,https://web.archive.org/web/20250324100202im_/http://laurentburytraducteur.com/wp-content/uploads/2016/12/61iWji8qtBL-205x300.jpg,2025-11-08 21:29:26.609441+00,2025-11-09 14:45:02.897626+00,null
c6e4f57c-05a5-45b9-b991-5f25efe3dcd2,John Boyne,La Maison Ipatiev (La Maison des intentions particulières),avril 2012,L’Archipel,Romans contemporains,null,https://web.archive.org/web/20250324100202im_/http://laurentburytraducteur.com/wp-content/uploads/2016/12/51CLB1kRL8L-191x300.jpg,2025-11-08 21:29:26.609441+00,2025-11-09 14:46:17.629434+00,null
0ead0d50-2c6e-49f1-bdbc-a59c47f00734,John Fitzgerald KENNEDY,Une nation d’immigrants,janvier 2019,HarperCollins,Histoire,null,https://web.archive.org/web/20250324100202im_/http://laurentburytraducteur.com/wp-content/uploads/2016/12/71KBrmzUnjL-180x300.jpg,2025-11-08 21:29:26.609441+00,2025-11-09 14:47:19.335819+00,null
6c863dea-860e-4c38-af43-841325c7a3a4,Jane AUSTEN et Seth GRAHAME-SMITH,Orgueil et préjugés et zombies,novembre 2009,Flammarion,Romans contemporains,null,https://static.fnac-static.com/multimedia/FR/Images_Produits/FR/fnac.com/Visual_Principal_340/5/9/4/9782081229495/tsp20120928193931/Orgueil-et-prejuges-et-zombies.jpg,2025-11-08 21:29:26.609441+00,2025-11-11 07:12:19.873414+00,null
f0247a97-0d1c-4c51-b6b4-70428381194d,Jane AUSTEN,"Sanditon, roman achevé par une autre dame",octobre 1997,Lattès,Classiques de la littérature anglophone,null,https://images.epagine.fr/335/9782709618335_1_75.jpg,2025-11-08 21:29:26.609441+00,2025-11-10 14:36:11.510658+00,null
f99e7871-c243-4428-a597-316db9143460,Helen PHIFER,Une survivante,février 2026,Bookouture,"Romans policiers, thrillers",null,https://m.media-amazon.com/images/I/81yMZJ2ff+L._SY466_.jpg,2025-11-09 22:11:10.392126+00,2026-01-26 07:56:04.56631+00,1
ae786711-8260-4f9e-bf7b-e4f126d0b1f8,John J. MILLER et Mark MOLESKY,Maudits Français ! Trois siècles de relations tumultueuses entre la France et l’Amérique,mai 2005,Saint-Simon,Histoire,null,https://m.media-amazon.com/images/I/41EQO308oXL._SY445_SX342_ML2_.jpg,2025-11-08 21:29:26.609441+00,2025-11-11 08:17:52.807249+00,null
ee0bca3a-247b-4344-ba8c-601d233d139a,Jane AUSTEN,Persuasion,novembre 2020,RBA France,Classiques de la littérature anglophone,Révision de la traduction,https://hardbacknovels.com/cdn/shop/files/Persuasion_342a45bf-82ba-4c3f-939a-228fbdedb12b.png?v=1737981397&width=600,2025-11-08 21:29:26.609441+00,2026-01-26 07:52:01.615656+00,null
34d7ef83-13d1-42b5-8d0f-c056e1acd963,Helen PHIFER,Une cachette,avril 2026,Bookouture,"Romans policiers, thrillers",null,https://m.media-amazon.com/images/I/91FXXwdEEzL._SY466_.jpg,2025-11-24 08:28:56.826395+00,2026-01-26 07:56:28.050386+00,null
85264a67-2caf-4db7-85ce-605772260725,Laura LIPPMAN,Celle qui devait mourir,septembre 2012,Toucan,"Romans policiers, thrillers",null,https://static.fnac-static.com/multimedia/Images/FR/NR/cf/13/39/3740623/1540-1/tsp20221011062336/Celle-qui-devait-mourir.jpg,2025-11-08 21:29:26.609441+00,2025-11-10 17:54:25.78469+00,null
1e0be703-f518-47d9-aa6f-482c112a875f,Laura LIPPMAN,Tes dernières volontés,septembre 2011,Toucan,"Romans policiers, thrillers",null,https://www.editionsdutoucan.fr/wp-content/uploads/2020/11/tes_dernieres_volontes.jpg,2025-11-08 21:29:26.609441+00,2025-11-10 17:56:30.805123+00,null
76b9f9f9-16a9-4de1-b244-a93943b10a5b,Kate CRAWFORD,Contre-Atlas de l’Intelligence Artificielle. Les coûts politiques sociaux et environnementaux de l’IA,mars 2022,Zulma,Monde contemporain,null,https://web.archive.org/web/20250324100202im_/http://laurentburytraducteur.com/wp-content/uploads/2022/02/61dq9IuR98L-201x300.jpg,2025-11-08 21:29:26.609441+00,2025-11-09 14:50:04.284238+00,null
c8fc5070-1092-4e0c-a829-90482a267cb2,Katherine KRESSMANN TAYLOR,Ainsi mentent les hommes,mai 2004,Autrement,Romans contemporains,null,https://www.le-livre.fr/photos/RO4/RO40133670.jpg,2025-11-08 21:29:26.609441+00,2025-11-10 18:13:49.728822+00,null
0b6e1e3b-cd79-443f-bb54-fd86e1642176,Julius ROTHENSTEIN et M. GOODING,L’œil s’amuse,novembre 1999,Autrement,"Beaux-arts, musique",null,https://web.archive.org/web/20250324100202im_/http://laurentburytraducteur.com/wp-content/uploads/2016/12/51BQ9ZVVZ5L-227x300.jpg,2025-11-08 21:29:26.609441+00,2025-11-09 15:44:31.99872+00,null
c9693c0d-5050-4acd-a7f5-807a9a3592b6,Joyce APPLEBY,"Capitalisme, histoire d’une révolution permanente",mars 2016,Piranha,Economie,null,https://web.archive.org/web/20250324100202im_/http://laurentburytraducteur.com/wp-content/uploads/2022/02/9782371190351-475x500-1-191x300.jpg,2025-11-08 21:29:26.609441+00,2025-11-08 21:29:26.609441+00,null
6085c0ba-c174-4758-af8c-1e3643c0b636,Jonathan PHILLIPS,Une histoire moderne des croisades,octobre 2010,Flammarion,Histoire,null,https://m.media-amazon.com/images/I/41C9u0InSVL._SY466_.jpg,2025-11-08 21:29:26.609441+00,2025-11-11 07:13:08.041158+00,null
5a06ed61-fc24-4dd0-a598-c0749138e9ca,Henry Louis MENCKEN,Comment peut-on être américain ?,octobre 2004,Saint-Simon,Sociologie,null,https://m.media-amazon.com/images/I/31KkNNS6jRL._SY445_SX342_ML2_.jpg,2025-11-08 21:29:26.609441+00,2026-01-26 07:58:08.325712+00,null
c2091049-f89a-460a-bbe9-956363a9ccae,Joseph STIGLITZ,Les Routes de la liberté. Economie et bonne société,janvier 2025,Les Liens qui Libèrent,Economie,null,https://fr.shopping.rakuten.com/photo/les-routes-de-la-liberte-format-broche-29578261130_L.jpg,2025-11-08 21:29:26.609441+00,2025-11-09 16:17:45.52502+00,null
35633888-e0b9-47cb-8313-4417010a8b5f,Kim Michele RICHARDSON,La Bibliothèque ambulante des Appalaches,février 2024,Charleston,Romans contemporains,null,https://m.media-amazon.com/images/I/71nxIOhcytL._SY466_.jpg,2025-11-08 21:29:26.609441+00,2025-11-09 17:21:57.366421+00,null
a7c813b6-e743-4b6d-ac03-09ff1bbd00be,Katherine KRESSMANN TAYLOR,Ainsi rêvent les femmes,mars 2006,Autrement,Romans contemporains,null,https://web.archive.org/web/20250324100202im_/http://laurentburytraducteur.com/wp-content/uploads/2016/12/41FPARX13ZL-197x300.jpg,2025-11-08 21:29:26.609441+00,2025-11-08 21:29:26.609441+00,null
c5264ef4-4863-4920-ba3c-c40afe233892,Katherine KRESSMANN TAYLOR,Jour sans retour,janvier 2002,Autrement,Romans contemporains,null,https://web.archive.org/web/20250324100202im_/http://laurentburytraducteur.com/wp-content/uploads/2016/12/51xDQcrJ18L-196x300.jpg,2025-11-08 21:29:26.609441+00,2025-11-08 21:29:26.609441+00,null
c4eb3474-8c95-41a3-af73-ca390bf9efde,Kathleen WALKER-MEIKLE,Chats du Moyen Age,octobre 2013,Les Belles-Lettres,"Beaux-arts, musique",null,https://web.archive.org/web/20250516202848im_/http://laurentburytraducteur.com/wp-content/uploads/2016/12/41WbVwB2sjL-239x300.jpg,2025-11-08 21:29:26.609441+00,2025-11-08 21:29:26.609441+00,null
208cc07a-b38c-4695-8b38-085b43cf03e8,Laurie COLWIN,Rien que du bonheur,octobre 2006,Autrement,Romans contemporains,null,https://static.fnac-static.com/multimedia/Images/FR/NR/a1/2e/2a/2764449/1540-1/tsp20230906072249/Rien-que-du-bonheur.jpg,2025-11-08 21:29:26.609441+00,2025-11-11 07:22:37.852523+00,null
a57844dc-a089-4e3e-b2cc-4886412b7839,Kofi AGAWU,L’imaginaire musical africain,novembre 2020,La Rue Musicale,"Beaux-arts, musique",null,https://www.izik1.com/musicsheetcovers/couv55/294/HD0050020294.jpg,2025-11-08 21:29:26.609441+00,2025-11-09 20:57:45.36788+00,null
7176f18b-aae1-48a5-b9b3-110d2f559bc1,Jonathan SWIFT,Les Voyages de Gulliver,mars 2025,Belin éducation,Classiques de la littérature anglophone,null,https://static.fnac-static.com/multimedia/PE/Images/FR/NR/f2/f7/1e/18806770/1540-1/tsp20250704081843/Les-Voyages-de-Gulliver.jpg,2025-11-08 21:29:26.609441+00,2025-11-09 17:44:02.08799+00,null
40b1babb-7f68-461e-b8cd-53952e9fd3f1,Kate MORTON,Les Ombres d’Adelaide Hills,avril 2023,Charleston,Romans contemporains,null,https://web.archive.org/web/20250324100202im_/http://laurentburytraducteur.com/wp-content/uploads/2023/01/4151ZAZdThL-189x300.jpg,2025-11-08 21:29:26.609441+00,2025-11-09 22:02:58.133998+00,null
0c89267a-30ac-4700-8f80-dad4f080de0e,Katherine MANSFIELD,Nouvelles,octobre 2026,Gallimard,Classiques de la littérature anglophone,null,https://www.fabula.org/actualites/documents/115597_8af35b88f4335612016aa41b98b8441e.jpeg.webp,2025-11-08 21:29:26.609441+00,2026-01-17 07:10:53.064726+00,null
37eb79de-737e-4158-be19-4a9f19ae20a6,Kate RAWORTH,La Théorie du Donut,novembre 2018,Plon,Economie,null,https://web.archive.org/web/20250324100202im_/http://laurentburytraducteur.com/wp-content/uploads/2016/12/71FwiocgxbL-184x300.jpg,2025-11-08 21:29:26.609441+00,2025-11-09 14:35:10.877368+00,null
4412074a-38d5-42cf-94b1-ba7ca5cff944,Kate CAMBOR,Belle Epoque,août 2009,Flammarion,Histoire,null,https://media.electre-ng.com/images/image-id/c9950218dc1f86f536659fd29711766dc1f34edf5280cbf5122d89db3f24b39d.jpg,2025-11-08 21:29:26.609441+00,2026-01-26 07:57:26.536504+00,null
0a5a9560-57ab-4ff4-b490-7dd2ed924073,Jonathan RANDAL,"Oussama, la fabrication d’un terroriste",août 2004,Albin Michel,Monde contemporain,null,https://static.fnac-static.com/multimedia/Images/FR/NR/fd/04/18/1574141/1540-1/tsp20230720102602/Ouama.jpg,2025-11-08 21:29:26.609441+00,2025-11-10 06:31:55.753828+00,null
b9108c71-7d5e-4673-a0e1-9e73b689f6af,Jonathan HASKEL et Stian WESTLAKE,Le Capitalisme sans capital,mars 2019,Presses Universitaires de France,Economie,null,https://www.puf.com/sites/puf/files/styles/large/public/pim_images/13081410.jpg?itok=o_vs2y6Q,2025-11-08 21:29:26.609441+00,2025-11-10 09:20:34.17867+00,null
c7c88db3-de69-47b7-bf33-0ab84b2e41b5,Knud HAAKONSSEN,L’art du législateur,novembre 1998,Presses Universitaires de France,Philosophie,null,https://fr.shopping.rakuten.com/pictures/0199cd0d-3f18-74e2-86df-a6c7ddaae66d.jpg,2025-11-08 21:29:26.609441+00,2025-11-10 09:21:52.880851+00,null
46da0c68-ab85-44d3-a121-f5598f77e688,Laurent de SUTTER,Accélération !,avril 2016,Presses Universitaires de France,Economie,null,https://m.media-amazon.com/images/I/61+VC8B-XDL._SY466_.jpg,2025-11-08 21:29:26.609441+00,2025-11-10 09:22:44.427377+00,null
ab9bf415-4ce3-471a-809c-9a339f00724b,Judson BREWER,Le Craving. Pourquoi on devient accro et comment se libérer,janvier 2020,Les Arènes,Divers,null,https://images.epagine.fr/649/9791037500649_1_75.jpg,2025-11-08 21:29:26.609441+00,2025-11-10 14:38:06.538102+00,null
059fa9d7-a22a-4abd-aaa7-9bb0943d3c3d,Laurel BRAITMAN,Chienne de vie,octobre 2014,Autrement,Divers,null,https://web.archive.org/web/20250516202848im_/http://laurentburytraducteur.com/wp-content/uploads/2016/12/51FsGWhTfL-196x300.jpg,2025-11-08 21:29:26.609441+00,2025-11-10 14:43:43.106475+00,null
38af8eb6-32f1-4be7-9217-7d12b832d1d7,Matthew McBRIDE,Frank Sinatra dans un mixeur,mai 2015,Gallmeister,"Romans policiers, thrillers",null,https://m.media-amazon.com/images/I/51Dj97ZLznL._SY445_SX342_QL70_ML2_.jpg,2025-11-08 21:29:26.678599+00,2025-11-24 08:38:58.852774+00,null
8d7e41d6-98b7-45e2-b0e0-bc65593b5263,Lewis LAPHAM,L’Amérique bâillonnée,mai 2004,Saint-Simon,Monde contemporain,null,https://web.archive.org/web/20250324100202im_/http://laurentburytraducteur.com/wp-content/uploads/2016/12/510YEHVQN1L-190x300.jpg,2025-11-08 21:29:26.609441+00,2025-11-08 21:29:26.609441+00,null
2a7f7087-abb9-4e26-9e06-06bd4db35955,Luke McCALLIN,L’Homme de Berlin,octobre 2015,Toucan,"Romans policiers, thrillers",null,https://m.media-amazon.com/images/I/51u3tBENPlL._SY445_SX342_QL70_ML2_.jpg,2025-11-08 21:29:26.609441+00,2025-11-10 17:53:12.834122+00,null
32ad5858-e1db-4c5b-86d1-2d999a9b6a4d,Lord BYRON,Don Juan,juin 2006,Gallimard,Classiques de la littérature anglophone,null,https://web.archive.org/web/20250324100202im_/http://laurentburytraducteur.com/wp-content/uploads/2016/12/81FCWsZ0W2L-178x300.jpg,2025-11-08 21:29:26.609441+00,2025-11-08 21:29:26.609441+00,null
5ecda01c-4166-424b-8d5c-32f9ce1a80d2,Lydia MILLET,"Ma vie, ma vie magnifique",janvier 2005,Autrement,Romans contemporains,null,https://static.fnac-static.com/multimedia/FR/Images_Produits/FR/fnac.com/Visual_Principal_340/1/5/9/9782746705951/tsp20121001153221/Ma-vie-ma-vie-magnifique.jpg,2025-11-08 21:29:26.609441+00,2025-11-10 18:17:53.600693+00,null
cfb3d869-fccd-4dc6-aae1-3fc85995c4ba,Lynn MESKELL,Vies privées des Égyptiens ; Nouvel Empire 1575-1069,avril 2002,Autrement,Histoire,null,https://web.archive.org/web/20250324100202im_/http://laurentburytraducteur.com/wp-content/uploads/2016/12/51Q7HA8NJWL-194x300.jpg,2025-11-08 21:29:26.609441+00,2025-11-08 21:29:26.609441+00,null
62cd2adc-77ce-4376-916d-2db9612913aa,Malcolm CHASE,Le Chartisme. Aux origines du mouvement ouvrier britannique (1838-1858),mai 2013,Publications de la Sorbonne,Histoire,null,https://web.archive.org/web/20250324100202im_/http://laurentburytraducteur.com/wp-content/uploads/2016/12/5133SqycJmL-199x300.jpg,2025-11-08 21:29:26.678599+00,2025-11-08 21:29:26.678599+00,null
25445b79-c319-4afd-a59d-09cb1f571a7c,Margaret MACMILLAN,Vers la grande guerre,janvier 2014,Autrement,Histoire,null,https://web.archive.org/web/20250324100202im_/http://laurentburytraducteur.com/wp-content/uploads/2016/12/518aiLxkQ-L-194x300.jpg,2025-11-08 21:29:26.678599+00,2025-11-08 21:29:26.678599+00,null
3438f2ad-69ae-43eb-a87c-cb5bc20a626c,Marcus KLIEWER,C’était notre maison,octobre 2025,Charleston,"Romans policiers, thrillers",null,https://m.media-amazon.com/images/I/81MGG43sxnL._SY466_.jpg,2025-11-08 21:29:26.678599+00,2025-11-09 16:06:38.666535+00,null
9fef90fb-76b3-4384-add2-144cc2c2807f,Mark SPRAGG,De flamme et d’argile,septembre 2012,Gallmeister,Romans contemporains,null,https://web.archive.org/web/20250324100202im_/http://laurentburytraducteur.com/wp-content/uploads/2016/12/41WSDIIIv8L-199x300.jpg,2025-11-08 21:29:26.678599+00,2025-11-08 21:29:26.678599+00,null
24d828d7-8532-4e31-9861-45c2a71add71,Martin MALIA,Histoire des révolutions,octobre 2008,Tallandier,Histoire,null,https://web.archive.org/web/20250324100202im_/http://laurentburytraducteur.com/wp-content/uploads/2016/12/51dz9keHiL-202x300.jpg,2025-11-08 21:29:26.678599+00,2025-11-08 21:29:26.678599+00,null
8ecf800b-a7b0-4830-a97c-c7316a4a7609,Lisa REGAN,La regarder disparaître,novembre 2025,Bookouture,"Romans policiers, thrillers",null,https://m.media-amazon.com/images/I/81EYEqzRbJL._SY466_.jpg,2025-11-08 21:29:26.609441+00,2025-11-09 16:09:12.316379+00,null
542f314c-473d-451f-b9c7-8ae4cec35f2d,Mariel BUQUE,Rompre le cycle : guérir des traumas intergénérationnels,octobre 2024,Leduc,Développement personnel,null,https://m.media-amazon.com/images/I/71roto0v0IL._SY466_.jpg,2025-11-08 21:29:26.678599+00,2025-11-09 17:28:01.992426+00,null
4e21feb6-5ced-4dce-8beb-5c89f1720c07,Louise van SWAAJ et Jean KLARE,Notre continent intérieur,mars 2000,Autrement,Divers,null,https://products-images.di-static.com/image/jean-klare-notre-continent-interieur/9782862609775-475x500-1.webp,2025-11-08 21:29:26.609441+00,2025-11-10 19:03:37.307155+00,null
c67f4980-85d5-4101-8059-202b57665fce,Matt HAIG,Une vie impossible,septembre 2024,Nami,Romans contemporains,null,https://m.media-amazon.com/images/I/71IL6ch7HBL._SY425_.jpg,2025-11-08 21:29:26.678599+00,2025-11-09 17:28:48.110659+00,null
812d98b7-2e05-4f10-bf36-8504a19d322a,Leslie A. MARCHAND,"Byron, portrait d’un homme libre",mai 1999,Autrement,Biographies et études littéraires,Révision de la traduction d'O. Lamolle,https://images.epagine.fr/648/9782862608648_1_m.jpg,2025-11-08 21:29:26.609441+00,2025-11-09 21:04:30.602433+00,null
20d625d5-4d1c-4e74-ab81-03fb80f701b5,Lisa REGAN,Son cri silencieux,février 2025,Bookouture,"Romans policiers, thrillers",null,https://m.media-amazon.com/images/I/81hXIKKox3L._SY466_.jpg,2025-11-08 21:29:26.609441+00,2025-11-09 21:59:19.22508+00,null
d500cffb-42ae-4987-a453-dbc23bdbc8a6,Mainak DHAR,Flashpoint,janvier 2008,Actes Sud,"Romans policiers, thrillers",null,https://actes-sud.fr/sites/default/files/couvertures/9782742772285.jpg,2025-11-08 21:29:26.609441+00,2025-11-10 06:23:46.054598+00,null
e329b27e-109f-4e81-9cd8-94bdcf7c0d9b,Mark SPRAGG,Le Fruit de la trahison,mai 2007,Albin Michel,Romans contemporains,null,https://cdn1.booknode.com/book_cover/827/le_fruit_de_la_trahison-827377-264-432.webp,2025-11-08 21:29:26.678599+00,2025-11-10 06:30:10.067143+00,null
0f3e318e-2079-411e-80c6-0b25f3f5d494,Mark SPRAGG,Là où les rivières se séparent,novembre 2005,Albin Michel,Romans contemporains,réédité en décembre 2014,https://m.media-amazon.com/images/I/41DfceWcCgL._SY466_.jpg,2025-11-08 21:29:26.678599+00,2025-11-10 06:30:50.930661+00,null
41bbb587-dc2c-4dbb-b676-3d00839c6741,Matthew Gregory LEWIS,Le Moine,septembre 2011,Garnier-Flammarion,Classiques de la littérature anglophone,null,https://web.archive.org/web/20250324100202im_/http://laurentburytraducteur.com/wp-content/uploads/2016/12/51NiHsxWhJL-184x300.jpg,2025-11-08 21:29:26.678599+00,2025-11-10 06:37:27.032009+00,null
60cf1b7c-fd74-417e-9bc9-be07b3af3e45,Mark McCRUM,On se fait la bise ? Le guide international des bonnes manières,mai 2008,Seuil,Divers,null,https://images.epagine.fr/981/9782020974981_1_75.jpg,2025-11-08 21:29:26.678599+00,2025-11-10 09:15:37.202894+00,null
09753ebe-546b-460a-bd68-f760e9cc65e1,Lewis CARROLL,Aventures d’Alice au pays des merveilles,juillet 2009,Le Livre de Poche,Classiques de la littérature anglophone,null,https://products-images.di-static.com/image/lewis-carroll-les-aventures-d-alice-au-pays-des-merveilles-la-traversee-du-miroir-et-ce-qu-alice-trouva-de-l-autre-cote/9782253082446-475x500-1.webp,2025-11-08 21:29:26.609441+00,2025-11-10 14:35:33.24551+00,null
202acf2d-5187-40ae-9e3a-baea305ee731,Lawrence WRIGHT,"Devenir clair : la scientologie, Hollywood et la prison de la foi",octobre 2015,Piranha,Divers,null,https://web.archive.org/web/20250324100202im_/http://laurentburytraducteur.com/wp-content/uploads/2016/12/71WPRwtDvoL-194x300.jpg,2025-11-08 21:29:26.609441+00,2025-11-10 14:44:41.610561+00,null
9ea00573-0be9-4e9d-ae9c-79e29ee6250f,Martin STREL et Matthew MOHLKE,L’Amazone à la nage,mai 2008,Toucan,Divers,null,https://products-images.di-static.com/image/martin-strel-l-amazone-a-la-nage/9782810000609-475x500-1.webp,2025-11-08 21:29:26.678599+00,2025-11-10 14:47:17.344923+00,null
a4c262e0-8c79-4ce3-84dd-6afdc46f86bb,Matthew McBRIDE,Soleil rouge,janvier 2017,Gallmeister,"Romans policiers, thrillers",null,https://assests.bookvillage.app/photos/books/cover-thumbnails/xlarge/b158958d-335a-4a44-8806-736bfb273030-v1.jpg,2025-11-08 21:29:26.678599+00,2025-11-24 08:37:35.603641+00,null
04a38938-70e7-49c1-84b5-8b2e9a8af1fb,Nicole TROPE,La Famille d’en face.,avril 2024,Bookouture,"Romans policiers, thrillers",null,https://m.media-amazon.com/images/I/51bR+X8TuxL._SY445_SX342_ML2_.jpg,2025-11-08 21:29:26.678599+00,2025-11-09 17:22:41.362299+00,null
ac2a88ac-0629-4d02-a3c0-50fd0ffba474,Michael ALLABY,La Scandaleuse Vie sexuelle des plantes,octobre 2018,Hoëbeke,Divers,null,https://web.archive.org/web/20250324100202im_/http://laurentburytraducteur.com/wp-content/uploads/2016/12/A1bjunDI6vL-1-223x300.jpg,2025-11-08 21:29:26.678599+00,2025-11-08 21:29:26.678599+00,null
d76d08b2-3405-44b8-a1b6-44f0b50f26b4,Michael Andre BERNSTEIN,La Mémoire des conspirateurs,octobre 2005,L’Olivier,Romans contemporains,null,https://web.archive.org/web/20250324100202im_/http://laurentburytraducteur.com/wp-content/uploads/2016/12/41VavW8T3FL-197x300.jpg,2025-11-08 21:29:26.678599+00,2025-11-08 21:29:26.678599+00,null
b67f9bc9-ed08-4dfd-b577-b8a7c34e5171,Pete FROMM,Comment tout a commencé,mai 2013,Gallmeister,Romans contemporains,null,https://m.media-amazon.com/images/I/81mahhgstLL._SL1500_.jpg,2025-11-08 21:29:26.678599+00,2025-12-20 11:47:38.838497+00,null
2d4bca09-d56a-4953-9304-88866fbc1175,Mikel DUNHAM,"Les Guerriers de Bouddha. Histoire de l’invasion du Tibet par la Chine, de la résistance du peuple tibétain et du rôle joué par la CIA",janvier 2007,Actes Sud,Histoire,null,https://web.archive.org/web/20250324100202im_/http://laurentburytraducteur.com/wp-content/uploads/2016/12/51s-BKW7SHL-180x300.jpg,2025-11-08 21:29:26.678599+00,2025-11-08 21:29:26.678599+00,null
dba532e5-f29d-4f26-ada3-af4bf917fbfc,Pat BARKER,Les Exilées de Troie,janvier 2022,Charleston,Romans contemporains,null,https://static.fnac-static.com/multimedia/PE/Images/FR/NR/44/c5/d3/13878596/1540-1/tsp20231216083346/Les-Exilees-de-Troie.jpg,2025-11-08 21:29:26.678599+00,2025-11-09 17:51:56.586492+00,null
43e8ca08-9b15-49f0-a1a2-e709ea219afa,Morley TORGOV,Meurtre en la majeur,février 2010,Actes Sud,"Romans policiers, thrillers",null,https://web.archive.org/web/20250516202848im_/http://laurentburytraducteur.com/wp-content/uploads/2023/04/413LK7ym-WL._SX210_-197x300.jpg,2025-11-08 21:29:26.678599+00,2025-11-08 21:29:26.678599+00,null
1b5bde03-15e1-40c4-a5a6-8f2263871d4c,Morton N. COHEN,"Lewis Carroll, une vie, une légende",février 1998,Autrement,Biographies et études littéraires,null,https://web.archive.org/web/20250324100202im_/http://laurentburytraducteur.com/wp-content/uploads/2016/12/413F74CEWML-192x300.jpg,2025-11-08 21:29:26.678599+00,2025-11-08 21:29:26.678599+00,null
2d1d38f2-055a-49ef-be25-53982285a6a2,Pat BARKER,Le Silence des vaincues,août 2020,Charleston,Romans contemporains,null,https://web.archive.org/web/20250324100202im_/http://laurentburytraducteur.com/wp-content/uploads/2020/09/9782368125014-189x300.png,2025-11-08 21:29:26.678599+00,2025-11-09 22:02:18.342259+00,null
0d567f4f-8f7f-4e3d-a00e-cc45a96e8844,Pat BARKER,La Maison des reines,octobre 2026,Charleston,Romans contemporains,null,https://m.media-amazon.com/images/I/91XRu0l-gPL._SY466_.jpg,2025-11-08 21:29:26.678599+00,2025-11-10 06:21:48.242362+00,null
6639fe02-2824-44f7-a1db-447e969d430d,Myla et Jon KABAT-ZINN,A chaque jour ses prodiges ; être parent en pleine conscience,septembre 2012,Les Arènes,Développement personnel,"; version révisée, août 2019",https://web.archive.org/web/20250324100202im_/http://laurentburytraducteur.com/wp-content/uploads/2016/12/8178oUlg5kL-1-208x300.jpg,2025-11-08 21:29:26.678599+00,2025-11-08 21:29:26.678599+00,null
384930b8-7559-4ab5-a37d-e32c546beb5d,Niall FERGUSON,"Apocalypses, de l’Antiquité à nos jours",octobre 2021,Saint-Simon,Histoire,null,https://web.archive.org/web/20250516202848im_/http://laurentburytraducteur.com/wp-content/uploads/2021/11/Ferguson-196x300.png,2025-11-08 21:29:26.678599+00,2025-11-08 21:29:26.678599+00,null
874bd6bd-1f79-4734-9243-c2b6b61ab9f5,Peter SINGER,L’Altruisme efficace,septembre 2018,Les Arènes,Développement personnel,null,https://m.media-amazon.com/images/I/41TfPM-XiDL._SY445_SX342_ML2_.jpg,2025-11-08 21:29:26.678599+00,2025-11-10 14:31:20.425283+00,null
33742bfc-8d38-4f7c-9a9a-2804378f68c1,Nick SRNICEK et Alex WILLIAMS,Accélérer le futur : post-capitalisme et post-travail,avril 2017,Cité du Design de Saint-Etienne,Economie,null,https://web.archive.org/web/20250324100202im_/http://laurentburytraducteur.com/wp-content/uploads/2016/12/51LJtpqdoNL._SX348_BO1204203200_-210x300.jpg,2025-11-08 21:29:26.678599+00,2025-11-08 21:29:26.678599+00,null
a4071e1e-333b-42ba-a2d7-68fd4a85d219,Mike TYSON,La Vérité et rien d'autre,novembre 2013,Les Arènes,Divers,null,https://static.fnac-static.com/multimedia/PE/Images/FR/NR/78/72/51/5337720/1540-1/tsp20250917073825/La-verite-et-rien-d-autre-Autobiographie.jpg,2025-11-08 21:29:26.678599+00,2025-11-10 14:50:07.940181+00,null
98a9c139-64ce-4463-8265-80019c876a27,Oriel MALET,Marjory Fleming,septembre 2002,Autrement,Romans contemporains,null,https://m.media-amazon.com/images/I/41J0HG1V95L._SX210_.jpg,2025-11-08 21:29:26.678599+00,2025-11-10 19:02:40.297591+00,null
bbe5fe2d-827f-47c3-9f01-582cc530dd07,Pascal BONAFOUX,The Musée du Luxembourg in Paris,2006,Skira,"Beaux-arts, musique",null,https://web.archive.org/web/20250324100202im_/http://laurentburytraducteur.com/wp-content/uploads/2016/12/61oyCu48HUL-217x300.jpg,2025-11-08 21:29:26.678599+00,2025-11-08 21:29:26.678599+00,null
1af09cb4-65a2-4d91-b12a-f9ff0464c092,Ned CRABB,Meurtres à Willow Pond,février 2016,Gallmeister,"Romans policiers, thrillers",null,https://cdn.shopify.com/s/files/1/0902/8812/8333/files/786369_CRABB_STRIKE_MK1_TZONE.png?v=1763550233,2025-11-08 21:29:26.678599+00,2025-11-24 08:36:48.019162+00,null
881a5245-c7e4-4467-8dff-a97280631994,Pete FROMM,Le Nom des étoiles,avril 2016,Gallmeister,Romans contemporains,null,https://m.media-amazon.com/images/I/8165rBNH-AL._SL1500_.jpg,2025-11-08 21:29:26.678599+00,2025-12-20 11:46:56.895759+00,null
74465172-878d-48c9-9542-1cc881655a45,Paul PRESTON,Une guerre d’extermination. Espagne 1936-1940,septembre 2016,Belin,Histoire,null,https://web.archive.org/web/20250324100202im_/http://laurentburytraducteur.com/wp-content/uploads/2016/12/510Z8-cio5L-204x300.jpg,2025-11-08 21:29:26.678599+00,2025-11-08 21:29:26.678599+00,null
bf195f84-ce10-4748-acd2-ed6d4a09c4e5,Pete FROMM,Lucy in the sky,avril 2015,Gallmeister,Romans contemporains,null,https://web.archive.org/web/20250324100202im_/http://laurentburytraducteur.com/wp-content/uploads/2016/12/31Sq6mtptGL-205x300.jpg,2025-11-08 21:29:26.678599+00,2025-11-09 14:27:23.571936+00,null
341bf578-caeb-4de5-9725-1b7e5012ea82,Milo BECKMAN,La Magie des maths sans nombres,février 2022,Alisio,Divers,null,https://web.archive.org/web/20250324100202im_/http://laurentburytraducteur.com/wp-content/uploads/2022/02/41IsdKV5OQL._SY346_-192x300.jpg,2025-11-08 21:29:26.678599+00,2025-11-09 14:34:17.700042+00,null
18ffeb85-a140-42cc-a516-dbbb08d95acd,Randall L. BYTWERK,"Machines à broyer les âmes, Allemagne totalitaire 1933-1989",septembre 2011,Klincksieck,Histoire,null,https://biblia.lesbelleslettres.com/data/cache/Product/front_cover_picture/big/c/c/7119.1655694812.jpg,2025-11-08 21:29:26.678599+00,2025-11-10 17:41:55.678881+00,null
ccdb36aa-907a-404c-8204-72c6d3a8d709,Simon CRITCHLEY,Le Jour et l’heure,mai 2015,Presses Universitaires de France,Romans contemporains,null,https://static.fnac-static.com/multimedia/Images/FR/NR/12/ab/66/6728466/1540-0/tsp20191031072622/Le-jour-et-l-heure.jpg,2025-11-08 21:29:26.678599+00,2025-11-10 08:17:28.335722+00,null
e09d440a-103b-4772-953f-e46391ff403a,Rebecca ROSS,Le Refrain de la rivière,mai 2025,Sabran,Fantasy,null,https://m.media-amazon.com/images/I/71M+EkkA32L._SY425_.jpg,2025-11-08 21:29:26.678599+00,2025-11-09 16:19:43.462278+00,null
9a8f9b9d-9dce-4c18-bb55-8e2e322be1b2,Rebecca ROSS,Impitoyables Serments,novembre 2024,De Saxus,Fantasy,null,https://m.media-amazon.com/images/I/81k5RTW+0fL._SY425_.jpg,2025-11-08 21:29:26.678599+00,2025-11-09 17:19:18.458395+00,null
738605fe-a231-4a0d-aaf2-326f744b4124,Sonja LYUBOMIRSKY,Qu’est-ce qui nous rend (vraiment) heureux,février 2014,Les Arènes,Développement personnel,null,https://images-na.ssl-images-amazon.com/images/I/51a27846rLL._SX195_.jpg,2025-11-08 21:29:26.678599+00,2025-11-10 17:46:41.756571+00,null
2df575eb-b6ad-4097-be0e-a37ca4f301da,Rebecca ROSS,Divines Rivalités,mai 2024,De Saxus,Fantasy,null,https://images2.medimops.eu/product/da80e0/M02378764634-220px.webp,2025-11-08 21:29:26.678599+00,2025-11-09 17:16:58.885212+00,null
6dd46b86-47bb-443c-8b72-fb2879aa09b7,Rebecca ROSS,Féroce Déférence,novembre 2025,De Saxus,Fantasy,null,https://m.media-amazon.com/images/I/71OVod6rWdL._SY425_.jpg,2025-11-08 21:29:26.678599+00,2025-11-09 17:34:02.610222+00,null
813472f4-d266-4c17-b970-231eebbac1c3,Sinclair McKAY,50 Codes secrets qui ont changé le monde,septembre 2023,Alisio,Histoire,null,https://m.media-amazon.com/images/I/91kBV7sTaUL._SY466_.jpg,2025-11-08 21:29:26.678599+00,2025-11-09 17:38:16.955576+00,null
953cdc13-4639-4866-a3c9-4d03dba9a432,Rob HART,Paradox Hotel,février 2023,Belfond,"Romans policiers, thrillers",null,https://m.media-amazon.com/images/I/815EKItldSL._SY466_.jpg,2025-11-08 21:29:26.678599+00,2025-11-09 17:42:48.585509+00,null
9e75ba15-72ba-47f8-b437-24d0eff2b99b,R.L. STEVENSON,Croisière à l’intérieur des terres,mars 2001,Gallimard,Classiques de la littérature anglophone,"(traduction, notice et notes)",https://web.archive.org/web/20250324100202im_/http://laurentburytraducteur.com/wp-content/uploads/2016/12/31aJAysMmZL-184x300.jpg,2025-11-08 21:29:26.678599+00,2025-11-09 22:05:00.311013+00,null
5199def5-94f7-451f-9a87-751fbda983fc,Simon GARFIELD,Sales Caractères. Petite histoire de la typographie,mars 2012,Seuil,Divers,null,https://static.fnac-static.com/multimedia/PE/Images/FR/NR/0f/24/37/3613711/1540-1/tsp20250428093643/Sales-Caracteres.jpg,2025-11-08 21:29:26.678599+00,2025-11-10 09:17:45.175628+00,null
9b30e2e7-9436-46f2-b1d4-1f4abed8a214,R.L. STEVENSON,Saint-Yves,mars 2018,Gallimard,Classiques de la littérature anglophone,"(traduction, notice et notes)",https://m.media-amazon.com/images/I/61a2N9N7NvL._SY522_.jpg,2025-11-08 21:29:26.678599+00,2025-11-10 14:32:23.841453+00,null
37543919-bafd-4ff2-ae53-cbf0e38625f4,Richard CLARKE,Contre tous les ennemis,juin 2004,Albin Michel,Monde contemporain,null,https://web.archive.org/web/20250324100202im_/http://laurentburytraducteur.com/wp-content/uploads/2016/12/41C7CQ9D09L-194x300.jpg,2025-11-08 21:29:26.678599+00,2025-11-08 21:29:26.678599+00,null
ff3f469e-5349-46b4-9a44-050ba4515aa0,Rudyard KIPLING,La France en guerre,janvier 2014,Les Belles-Lettres,Histoire,null,https://biblia.lesbelleslettres.com/data/cache/Product/front_cover_picture/big/8/6/1216.1646313148.jpg,2025-11-08 21:29:26.678599+00,2025-11-10 16:21:26.002746+00,null
0f719bcc-ac4b-4dcf-aedf-228368ef4298,Phil REDMOND,Retour à Highbridge,septembre 2017,Piranha,Romans contemporains,null,https://images-eu.ssl-images-amazon.com/images/I/41yA2Xfuw8L._SX195_.jpg,2025-11-08 21:29:26.678599+00,2025-11-10 16:26:39.976418+00,null
8f4f68d8-fc79-47dd-a1a1-287fc84b3f00,Robert ALEXANDER,La Fille de Raspoutine,janvier 2009,Balland,Romans contemporains,null,https://web.archive.org/web/20250324100202im_/http://laurentburytraducteur.com/wp-content/uploads/2016/12/51kBYTurnOL-182x300.jpg,2025-11-08 21:29:26.678599+00,2025-11-08 21:29:26.678599+00,null
e7b92588-9544-4b8a-91ba-5715eecd347c,Robert FISK,La Grande Guerre pour la civilisation : l’occident à la conquête du Moyen-Orient (1979-2005),octobre 2005,La Découverte,Monde contemporain,null,https://web.archive.org/web/20250516202848im_/http://laurentburytraducteur.com/wp-content/uploads/2016/12/41T015NWCFL-191x300.jpg,2025-11-08 21:29:26.678599+00,2025-11-08 21:29:26.678599+00,null
877286c2-4f8c-44c5-99af-0256447ab4e6,Robert HARIMAN,Le Pouvoir est une question de style,mai 2009,Klincksieck,Philosophie,null,https://web.archive.org/web/20250324100202im_/http://laurentburytraducteur.com/wp-content/uploads/2016/12/41mRNsxsLNL-202x300.jpg,2025-11-08 21:29:26.678599+00,2025-11-08 21:29:26.678599+00,null
8b99ade4-6c38-4615-9eaa-13a298b02bd2,Rohan GUNARATNA,Al-Qaida,septembre 2002,Autrement,Monde contemporain,null,https://media.electre-ng.com/images/image-id/a262cdcd88b42836a571384fc17a3260638aab50303b4be34fef9232c235aa49.jpg,2025-11-08 21:29:26.678599+00,2025-11-11 07:03:35.375634+00,null
61055154-31ef-4dbd-b19c-daf57113716d,Samuel BAMFORD,La vie d’un radical anglais au temps de Peterloo,juin 2019,Editions sociales,Histoire,null,https://editionssociales.fr/wp-content/uploads/2020/10/Bamfordcouv-410x654.jpg,2025-11-08 21:29:26.678599+00,2025-11-11 07:09:36.787259+00,null
18e1137c-459d-40d4-82ee-03840a970c4f,R.M. DOUGLAS,Les Expulsés,septembre 2012,Flammarion,Histoire,null,https://m.media-amazon.com/images/I/71mFHcmdsAL._SY466_.jpg,2025-11-08 21:29:26.678599+00,2025-11-11 07:11:04.793496+00,null
77694c78-5fcf-405c-b0f5-b7f15c3c611d,Rebecca ROSS,La Ritournelle des flammes,février 2026,Sabran,Fantasy,null,https://static.fnac-static.com/multimedia/PE/Images/FR/NR/ef/5e/29/19488495/1540-1/tsp20260124074002/La-Ritournelle-des-flammes-broche-Tome-02-Les-Ballades-de-Cadence.jpg,2025-11-08 21:29:26.678599+00,2026-01-25 15:51:21.262909+00,null
cf1a3458-81f4-4512-8293-82dfcd15001b,Philippe GARNER,La Nouvelle Vague de Raymond Cauchetier,novembre 2022,Hugo,"Beaux-arts, musique",null,https://web.archive.org/web/20250324100202im_/http://laurentburytraducteur.com/wp-content/uploads/2023/03/51wALRaiKXL._SX258_BO1204203200_-239x300.jpg,2025-11-08 21:29:26.678599+00,2025-11-09 14:30:37.084006+00,null
576f146a-104d-4382-9583-31ec2ad2909c,Tim CLISSOLD,Mr China ; comment perdre 450 millions de dollars après avoir fait fortune à Wall Street,mai 2006,Saint-Simon,Economie,null,https://web.archive.org/web/20250324100202im_/http://laurentburytraducteur.com/wp-content/uploads/2016/12/51rODCb8VL-184x300.jpg,2025-11-08 21:29:26.758886+00,2025-11-09 15:01:25.675044+00,null
7ad471ce-5add-432e-8dcb-6b13e821f7c8,Stephen GREENBLATT,Tyrans ; Shakespeare raconte le XXIe siècle,avril 2019,Saint-Simon,Biographies et études littéraires,null,https://m.media-amazon.com/images/I/51XJkCf3h6L._SY466_.jpg,2025-11-08 21:29:26.678599+00,2025-11-09 21:01:55.01413+00,null
fba2c53e-c255-4879-8385-3dc3c97c4ae8,Susan Kaiser GREENLAND,"Un cœur tranquille et sage : La méditation, un art de vivre pour les enfants",septembre 2014,Les Arènes,Développement personnel,null,https://web.archive.org/web/20250516202848im_/http://laurentburytraducteur.com/wp-content/uploads/2016/12/81YlnwMWLL-221x300.jpg,2025-11-08 21:29:26.678599+00,2025-11-10 17:45:22.826457+00,null
2bd31d0c-b9fd-4ec1-8695-8d8249f2d45c,Todd ROBINSON,Cassandra,août 2015,Gallmeister,"Romans policiers, thrillers",null,https://m.media-amazon.com/images/I/81sgCTwN56L._SY466_.jpg,2025-11-08 21:29:26.758886+00,2025-11-09 15:58:56.580223+00,null
651f5ca2-1d7f-4713-8726-62805a0403ff,Susan SELLERS,"Vanessa, mon amour, ma sœur",mars 2011,Autrement,Romans contemporains,"La traduction a été rééditée en 2019 sous le titre ""Vanessa et Virginia""",https://images-eu.ssl-images-amazon.com/images/I/51SAzo3A1IL._SX195_.jpg,2025-11-08 21:29:26.678599+00,2025-11-10 18:57:47.678123+00,null
23d9486e-86de-4b1d-8d4d-2558d4ed67a1,Steven C. HAYES,"Un esprit libéré, le guide de la thérapie d’acceptation et d’engagement (ACT)",août 2022,Robert Laffont,Développement personnel,null,https://web.archive.org/web/20250324100202im_/http://laurentburytraducteur.com/wp-content/uploads/2022/08/télécharger.jpg,2025-11-08 21:29:26.678599+00,2025-11-08 21:29:26.678599+00,null
819f19a6-058e-47e1-9252-4ae0f3764dc4,Stephen OSBORNE,"Vancouver, la mémoire des corps",avril 2004,Autrement,Romans contemporains,null,https://i.ebayimg.com/images/g/YTAAAeSwehRpEj50/s-l1600.webp,2025-11-08 21:29:26.678599+00,2025-11-11 07:04:43.727322+00,null
0304cf57-7ef5-4de6-ba8f-0d2e7e897fa9,Tim HARFORD,L’économie mondiale en 50 inventions,mars 2018,Presses Universitaires de France,Economie,null,https://m.media-amazon.com/images/I/71UsEKbdIRL._SY425_.jpg,2025-11-08 21:29:26.758886+00,2025-11-09 16:01:48.228377+00,null
e8ebbe41-c016-41ee-b839-92c1915068eb,Thomas FRIEDMAN,La Terre est plate. Une brève histoire du XXIe siècle,octobre 2006,Saint-Simon,Economie,null,https://m.media-amazon.com/images/I/51ZYDhHIQXL._SY466_.jpg,2025-11-08 21:29:26.758886+00,2025-11-09 16:02:40.058689+00,null
6b1eaba4-8110-44b0-bd73-091b352c155d,Tim HARFORD,L’Economie est un jeu d’enfant,février 2016,Presses Universitaires de France,Economie,null,https://www.puf.com/sites/puf/files/styles/large/public/pim_images/13072993.jpg?itok=Nn7p0VpX,2025-11-08 21:29:26.758886+00,2025-11-09 16:04:42.518433+00,null
90381b34-5c3d-4d29-96b1-e88548fb5424,Tim PEAKE,"L’Espace, une aventure humaine,",janvier 2025,Alisio,Histoire,null,https://m.media-amazon.com/images/I/41yLo-10hBL._SY445_SX342_ML2_.jpg,2025-11-08 21:29:26.758886+00,2025-11-09 16:15:55.181602+00,null
cb43e2bc-4cdc-4046-8001-0f7a0099d10a,Susan CAIN,"Le Bonheur d’être triste, la force des mélancoliques dans un monde où le chagrin est interdit.",juin 2022,Alisio,Développement personnel,null,https://m.media-amazon.com/images/I/817y15IM4iL._SY466_.jpg,2025-11-08 21:29:26.678599+00,2025-11-09 17:49:06.935315+00,null
7e1cb0ad-b91c-4a7d-835a-5e02f67fbb86,Thomas HARDY,Loin de la foule déchaînée,janvier 2021,RBA France,Classiques de la littérature anglophone,null,https://web.archive.org/web/20250516202848im_/http://laurentburytraducteur.com/wp-content/uploads/2022/04/huaz31k7BrqFFGO-O5WoVeuwk-M-188x300.png,2025-11-08 21:29:26.758886+00,2025-11-08 21:29:26.758886+00,null
0734efc3-5e4b-475a-8bd7-d3cb394f3614,Timothy MORTON,"Hyperobjets, philosophie et écologie et après la fin du monde",mars 2018,Cité du Design de Saint-Etienne,Philosophie,null,https://m.media-amazon.com/images/I/71u6+ZtRPLL._SY466_.jpg,2025-11-08 21:29:26.758886+00,2025-11-11 07:08:54.592637+00,null
74d194f1-72a8-4d53-8a45-822c8a3aeecc,Stephen HAWKING,La Brève Histoire de ma vie,octobre 2013,Flammarion,Divers,null,https://static.fnac-static.com/multimedia/PE/Images/FR/NR/94/5b/53/5462932/1540-1/tsp20250605081252/La-Breve-Histoire-de-ma-vie.jpg,2025-11-08 21:29:26.678599+00,2025-11-10 06:43:29.944773+00,null
dc35034f-5947-44a9-8a4b-2e4590d5fdd6,Suzanne BERGER,"Made in Monde, les nouvelles frontières de l’économie mondiale",février 2006,Seuil,Economie,null,https://m.media-amazon.com/images/I/51AUSsX4SjL._SY466_.jpg,2025-11-08 21:29:26.758886+00,2025-11-10 09:14:48.73814+00,null
a426d9ee-f82c-49eb-93b4-49aa43305522,Steve HAMILTON,Un chapeau dans la neige,septembre 2007,Seuil,"Romans policiers, thrillers",null,https://www.lalibrairie.com/cache/img/livres/242/9782020798242.webp,2025-11-08 21:29:26.678599+00,2025-11-10 09:16:12.900982+00,null
086f0345-bf93-49b5-b25b-71eb6539839c,Sulaiman ADDONIA,Le Silence est ma langue natale,avril 2022,La Croisée,Romans contemporains,null,https://web.archive.org/web/20250324100202im_/http://laurentburytraducteur.com/wp-content/uploads/2022/03/91LMv1N2IZL-184x300.jpg,2025-11-08 21:29:26.678599+00,2025-11-09 14:28:13.466959+00,null
660699c6-7d02-4a30-8b80-7dfe2f6ccc6c,Steve HAMILTON,Ciel de sang,mars 2006,Seuil,"Romans policiers, thrillers",null,https://static.fnac-static.com/multimedia/FR/Images_Produits/FR/fnac.com/Visual_Principal_340/5/3/2/9782020798235/tsp20120924170900/Ciel-de-sang.jpg,2025-11-08 21:29:26.678599+00,2025-11-10 09:17:00.209872+00,null
6dfeeba8-e816-4446-9292-2159266bed6e,Srecko HORVAT,La Poésie du futur : manifeste pour un mouvement de libération mondial,janvier 2021,Zulma,Philosophie,null,https://web.archive.org/web/20250324100202im_/http://laurentburytraducteur.com/wp-content/uploads/2020/10/414rio6rZfL-200x300.jpg,2025-11-08 21:29:26.678599+00,2025-11-09 14:41:29.377985+00,null
42dfc362-f21a-40d9-8ad1-682b3aac67ad,Tarek OSMAN,"Révolutions égyptiennes, de Nasser à la chute de Moubarak",septembre 2011,Les Belles-Lettres,Monde contemporain,null,https://images.leslibraires.ca/books/9782251110011/front/9782251110011_large.jpg,2025-11-08 21:29:26.758886+00,2025-11-10 16:19:36.544263+00,null
bcd8de3f-eb5e-48bd-87c9-44f7056a56c0,Wayne KOESTENBAUM,Anatomie de la folle lyrique,janvier 2019,La Rue Musicale,"Beaux-arts, musique",null,https://web.archive.org/web/20250324100202im_/http://laurentburytraducteur.com/wp-content/uploads/2016/12/51R7eABxyFL-200x300.jpg,2025-11-08 21:29:26.758886+00,2025-11-09 14:56:25.602196+00,null
535d1134-2134-4d6c-9055-276c0f86d929,Tomasz JEDROWSKI,Les Nageurs de la nuit,mars 2023,La Croisée,Romans contemporains,null,https://m.media-amazon.com/images/I/81vNxw6QpzL._SY522_.jpg,2025-11-08 21:29:26.758886+00,2025-11-09 16:05:27.31462+00,null
37ef3246-4553-4552-a823-1cdf38ae45cc,Moshik TEMKIN,"Guerriers, rebelles et saints. L’art du leadership de Machiavel à Malcolm X",septembre 2025,Alisio,Histoire,null,https://m.media-amazon.com/images/I/61zalL6oKpL._SY466_.jpg,2025-11-08 21:29:26.678599+00,2025-11-09 16:07:59.599751+00,null
774cb950-a56e-4714-9d8e-f6cf99fd750e,Tom CLAVIN,"La Véritable Histoire des Dalton, derniers hors-la-loi du Far West",février 2025,Alisio,Histoire,null,https://m.media-amazon.com/images/I/719TQ9-ZCCL._SY466_.jpg,2025-11-08 21:29:26.758886+00,2025-11-09 16:18:34.236487+00,null
7c7dd36c-6f68-4492-860a-7bbb3bef0712,Zrinka STAHULJAK,"L’Archéologie pornographique : médecine, Moyen Age et histoire de France",mai 2018,Presses Universitaires de Rennes,Histoire,null,https://s3.eu-west-3.amazonaws.com/nova-pur-production/product/images_1/4833.jpg,2025-11-08 21:29:26.758886+00,2025-11-10 17:51:29.251573+00,null
6273912b-19de-47ed-83e9-662feedeccd6,Trevor PAGLEN et A.C. THOMPSON,Kidnappés par la CIA : les charters de la torture,mars 2007,Saint-Simon,Monde contemporain,null,https://web.archive.org/web/20250324100202im_/http://laurentburytraducteur.com/wp-content/uploads/2016/12/412nSyXhJL-195x300.jpg,2025-11-08 21:29:26.758886+00,2025-11-08 21:29:26.758886+00,null
b8b677d8-26d0-42c7-95ee-02b150561b3b,Will DEAN,La Première Soeur,février 2024,Belfond,"Romans policiers, thrillers",null,https://m.media-amazon.com/images/I/41VklcdhmBL._SY445_SX342_QL70_ML2_.jpg,2025-11-08 21:29:26.758886+00,2025-11-09 17:24:37.101205+00,null
b9dcc448-7f1f-4375-aadd-ed20ae1dfa74,Valerie MARTIN,"Pauvre. François, l’insoumis d’Assise",mars 2003,Autrement,Romans contemporains,null,https://web.archive.org/web/20250324100202im_/http://laurentburytraducteur.com/wp-content/uploads/2016/12/41A3VH8TMJL-204x300.jpg,2025-11-08 21:29:26.758886+00,2025-11-08 21:29:26.758886+00,null
09ee787c-291d-49b8-b031-603b9ab59945,Meg SHAFFER,Rendez-vous sur l’île de l’horloge,avril 2024,Nami,Romans contemporains,null,https://m.media-amazon.com/images/I/51Bc+jC-EPL._SY445_SX342_ML2_.jpg,2025-11-08 21:29:26.678599+00,2025-11-09 17:26:58.193705+00,null
a5e37a81-14df-4dbd-a37d-4c7fd0293254,Tom FLETCHER,La Vie sur notre planète.,octobre 2023,Leduc,Histoire,null,https://m.media-amazon.com/images/I/819DG0YVA0L._SY342_.jpg,2025-11-08 21:29:26.758886+00,2025-11-09 17:39:53.2379+00,null
08a2ab4e-154e-44d2-b170-0be292245ec1,Will DEAN,"La Forêt de la Méduse,",avril 2022,Belfond,"Romans policiers, thrillers",null,https://m.media-amazon.com/images/I/71rpJVbTKlL._SY466_.jpg,2025-11-08 21:29:26.758886+00,2025-11-09 17:49:59.142692+00,null
193f00f4-f4a2-4f8e-807f-58d22a47dcd7,Will DEAN,"Les Disparues de Midsommar,",mai 2022,Belfond,"Romans policiers, thrillers",null,https://m.media-amazon.com/images/I/81poJCslU6L._SY466_.jpg,2025-11-08 21:29:26.758886+00,2025-11-09 17:50:48.901868+00,null
9ba057d0-f3f0-45d3-898c-db4105e4bebd,Zygmunt BAUMAN,Le Présent liquide. Peurs sociales et obsessions sécuritaires,mars 2007,Seuil,Philosophie,null,https://pictures.abebooks.com/isbn/9782020914697-fr.jpg,2025-11-08 21:29:26.758886+00,2026-02-23 09:08:55.24021+00,null
331ec816-ccd0-4e31-808d-43941d930cea,Virginia WOOLF,Une pièce à soi,février 2025,Gallimard,Classiques de la littérature anglophone,"(traduction, notice et notes)",https://www.fabula.org/actualites/documents/125934_08edf701d357991a2bcaa30f35165b04.jpeg.webp,2025-11-08 21:29:26.758886+00,2025-11-10 06:43:47.846007+00,null
55819188-667a-470f-bad0-091419ebd235,Richard DAVIDSON,Les Profils émotionnels,mai 2018,Les Arènes,Développement personnel,null,https://static.fnac-static.com/multimedia/PE/Images/FR/NR/89/1c/8e/9313417/1540-1/tsp20250718075631/Les-Profils-emotionnels.jpg,2025-11-08 21:29:26.678599+00,2025-11-10 08:08:12.380498+00,null
ff9a6e0c-f9a3-4aba-99a5-ea2e01251372,Val PLUMWOOD,Réanimer la Nature,août 2020,Presses Universitaires de France,Philosophie,null,https://m.media-amazon.com/images/I/818F3k+mySL._SY466_.jpg,2025-11-08 21:29:26.758886+00,2025-11-10 08:16:47.740467+00,null
4e85a5b4-58b2-4aed-a5e5-c507d40bcff2,Adam ZAMOYSKI,"Napoléon, l’homme derrière le mythe",mars 2022,Piranha,Histoire,null,https://web.archive.org/web/20250324100202im_/http://laurentburytraducteur.com/wp-content/uploads/2022/02/Napo-193x300.png,2025-11-08 21:29:26.499002+00,2025-11-10 16:29:15.316523+00,null
ff8d0873-73e9-4278-b3b0-674c7a6cdb93,Will DEAN,Tout ce qui est à toi brûlera,mars 2022,Belfond,"Romans policiers, thrillers",null,https://web.archive.org/web/20250324100202im_/http://laurentburytraducteur.com/wp-content/uploads/2022/03/41cz0Kcz5kL-205x300.jpg,2025-11-08 21:29:26.758886+00,2025-11-09 14:18:25.264343+00,null